Id,Category
1,cat
2,ship
3,ship
4,plane
5,frog
6,frog
7,car
8,frog
9,cat
10,car
11,plane
12,truck
13,dog
14,horse
15,truck
16,ship
17,dog
18,horse
19,ship
20,frog
21,horse
22,plane
23,deer
24,truck
25,deer
26,bird
27,deer
28,plane
29,truck
30,frog
31,frog
32,dog
33,bird
34,dog
35,truck
36,dog
37,deer
38,car
39,truck
40,dog
41,deer
42,frog
43,horse
44,frog
45,plane
46,truck
47,cat
48,bird
49,horse
50,bird
51,truck
52,ship
53,horse
54,cat
55,ship
56,ship
57,horse
58,horse
59,bird
60,cat
61,horse
62,dog
63,frog
64,cat
65,frog
66,bird
67,car
68,bird
69,cat
70,horse
71,bird
72,frog
73,ship
74,ship
75,plane
76,bird
77,horse
78,cat
79,dog
80,ship
81,ship
82,car
83,car
84,horse
85,bird
86,horse
87,bird
88,plane
89,ship
90,truck
91,plane
92,bird
93,ship
94,frog
95,deer
96,dog
97,frog
98,plane
99,plane
100,horse
101,deer
102,dog
103,frog
104,cat
105,car
106,car
107,bird
108,frog
109,ship
110,horse
111,horse
112,plane
113,bird
114,bird
115,car
116,horse
117,plane
118,deer
119,frog
120,dog
121,ship
122,dog
123,car
124,bird
125,ship
126,bird
127,plane
128,cat
129,dog
130,bird
131,deer
132,car
133,ship
134,truck
135,car
136,bird
137,truck
138,horse
139,bird
140,ship
141,frog
142,dog
143,frog
144,dog
145,ship
146,horse
147,frog
148,dog
149,dog
150,bird
151,ship
152,truck
153,frog
154,plane
155,plane
156,dog
157,bird
158,truck
159,dog
160,deer
161,bird
162,car
163,frog
164,frog
165,plane
166,deer
167,ship
168,deer
169,horse
170,plane
171,truck
172,truck
173,truck
174,dog
175,truck
176,truck
177,dog
178,horse
179,dog
180,plane
181,plane
182,dog
183,bird
184,bird
185,dog
186,ship
187,frog
188,bird
189,dog
190,plane
191,dog
192,ship
193,horse
194,car
195,horse
196,bird
197,ship
198,ship
199,horse
200,ship
201,dog
202,car
203,ship
204,horse
205,car
206,cat
207,plane
208,dog
209,horse
210,truck
211,horse
212,plane
213,dog
214,truck
215,ship
216,plane
217,horse
218,truck
219,plane
220,deer
221,horse
222,dog
223,truck
224,dog
225,horse
226,truck
227,deer
228,deer
229,dog
230,frog
231,dog
232,car
233,dog
234,ship
235,ship
236,plane
237,deer
238,horse
239,cat
240,bird
241,car
242,car
243,ship
244,truck
245,plane
246,bird
247,car
248,ship
249,bird
250,bird
251,dog
252,cat
253,truck
254,truck
255,bird
256,plane
257,cat
258,plane
259,ship
260,car
261,ship
262,car
263,dog
264,horse
265,ship
266,plane
267,bird
268,deer
269,horse
270,plane
271,bird
272,dog
273,frog
274,cat
275,ship
276,dog
277,plane
278,bird
279,deer
280,horse
281,truck
282,car
283,frog
284,car
285,truck
286,truck
287,car
288,plane
289,horse
290,truck
291,car
292,bird
293,frog
294,car
295,cat
296,deer
297,frog
298,plane
299,bird
300,frog
301,frog
302,frog
303,dog
304,bird
305,frog
306,car
307,ship
308,bird
309,car
310,bird
311,ship
312,frog
313,plane
314,plane
315,dog
316,plane
317,bird
318,horse
319,dog
320,dog
321,cat
322,dog
323,bird
324,bird
325,horse
326,car
327,horse
328,dog
329,deer
330,frog
331,car
332,truck
333,bird
334,frog
335,frog
336,truck
337,cat
338,ship
339,plane
340,car
341,bird
342,frog
343,bird
344,dog
345,plane
346,dog
347,deer
348,frog
349,ship
350,truck
351,truck
352,car
353,ship
354,bird
355,frog
356,deer
357,dog
358,bird
359,ship
360,plane
361,truck
362,dog
363,ship
364,car
365,truck
366,deer
367,car
368,cat
369,bird
370,car
371,bird
372,horse
373,truck
374,bird
375,bird
376,horse
377,truck
378,horse
379,bird
380,frog
381,frog
382,truck
383,plane
384,plane
385,dog
386,plane
387,horse
388,bird
389,bird
390,dog
391,car
392,bird
393,frog
394,frog
395,truck
396,frog
397,bird
398,cat
399,plane
400,frog
401,truck
402,car
403,horse
404,ship
405,ship
406,deer
407,plane
408,car
409,ship
410,bird
411,horse
412,plane
413,dog
414,frog
415,car
416,truck
417,cat
418,horse
419,dog
420,horse
421,deer
422,dog
423,ship
424,plane
425,bird
426,truck
427,frog
428,bird
429,frog
430,frog
431,bird
432,cat
433,cat
434,horse
435,dog
436,horse
437,bird
438,bird
439,dog
440,truck
441,car
442,deer
443,truck
444,truck
445,dog
446,horse
447,dog
448,plane
449,bird
450,plane
451,frog
452,truck
453,horse
454,bird
455,truck
456,deer
457,bird
458,horse
459,cat
460,frog
461,dog
462,frog
463,car
464,deer
465,cat
466,deer
467,horse
468,cat
469,dog
470,ship
471,deer
472,horse
473,ship
474,bird
475,dog
476,horse
477,deer
478,plane
479,dog
480,deer
481,ship
482,frog
483,ship
484,bird
485,dog
486,plane
487,truck
488,truck
489,deer
490,plane
491,car
492,plane
493,ship
494,car
495,car
496,ship
497,plane
498,bird
499,bird
500,plane
501,deer
502,frog
503,dog
504,deer
505,truck
506,deer
507,horse
508,truck
509,frog
510,deer
511,dog
512,frog
513,frog
514,car
515,dog
516,dog
517,ship
518,truck
519,dog
520,ship
521,dog
522,horse
523,plane
524,horse
525,plane
526,dog
527,plane
528,plane
529,deer
530,frog
531,truck
532,plane
533,car
534,dog
535,frog
536,frog
537,frog
538,bird
539,ship
540,plane
541,car
542,horse
543,frog
544,horse
545,dog
546,truck
547,car
548,frog
549,bird
550,dog
551,dog
552,cat
553,ship
554,dog
555,truck
556,deer
557,frog
558,deer
559,dog
560,bird
561,plane
562,horse
563,frog
564,bird
565,bird
566,cat
567,truck
568,bird
569,truck
570,bird
571,bird
572,horse
573,car
574,cat
575,frog
576,frog
577,ship
578,ship
579,horse
580,dog
581,deer
582,plane
583,ship
584,bird
585,plane
586,truck
587,dog
588,deer
589,ship
590,truck
591,frog
592,truck
593,bird
594,frog
595,car
596,deer
597,horse
598,bird
599,bird
600,cat
601,ship
602,dog
603,plane
604,bird
605,car
606,frog
607,deer
608,cat
609,cat
610,truck
611,frog
612,truck
613,ship
614,ship
615,dog
616,ship
617,frog
618,cat
619,bird
620,car
621,horse
622,dog
623,car
624,bird
625,horse
626,truck
627,car
628,deer
629,horse
630,car
631,deer
632,bird
633,frog
634,ship
635,horse
636,frog
637,ship
638,bird
639,plane
640,dog
641,bird
642,frog
643,plane
644,horse
645,truck
646,car
647,cat
648,deer
649,deer
650,dog
651,cat
652,truck
653,dog
654,frog
655,truck
656,deer
657,car
658,dog
659,deer
660,car
661,truck
662,horse
663,horse
664,frog
665,cat
666,plane
667,truck
668,plane
669,car
670,dog
671,frog
672,dog
673,bird
674,cat
675,bird
676,plane
677,deer
678,frog
679,plane
680,dog
681,truck
682,frog
683,cat
684,car
685,truck
686,bird
687,truck
688,frog
689,frog
690,plane
691,cat
692,bird
693,bird
694,horse
695,ship
696,cat
697,ship
698,bird
699,horse
700,dog
701,horse
702,bird
703,deer
704,ship
705,deer
706,deer
707,bird
708,truck
709,ship
710,ship
711,bird
712,plane
713,ship
714,horse
715,deer
716,bird
717,cat
718,horse
719,deer
720,truck
721,deer
722,ship
723,ship
724,car
725,ship
726,cat
727,car
728,dog
729,frog
730,dog
731,dog
732,bird
733,horse
734,truck
735,ship
736,bird
737,dog
738,deer
739,car
740,horse
741,bird
742,horse
743,plane
744,horse
745,dog
746,horse
747,frog
748,frog
749,bird
750,cat
751,truck
752,plane
753,truck
754,car
755,bird
756,bird
757,frog
758,ship
759,bird
760,car
761,horse
762,bird
763,frog
764,plane
765,car
766,bird
767,horse
768,truck
769,bird
770,deer
771,horse
772,truck
773,frog
774,deer
775,plane
776,deer
777,dog
778,frog
779,plane
780,frog
781,truck
782,car
783,horse
784,frog
785,horse
786,plane
787,cat
788,truck
789,frog
790,ship
791,plane
792,plane
793,frog
794,dog
795,horse
796,horse
797,bird
798,deer
799,horse
800,deer
801,horse
802,car
803,bird
804,horse
805,deer
806,deer
807,plane
808,deer
809,horse
810,horse
811,dog
812,dog
813,horse
814,bird
815,plane
816,ship
817,truck
818,dog
819,ship
820,bird
821,frog
822,bird
823,plane
824,ship
825,horse
826,cat
827,horse
828,frog
829,dog
830,dog
831,car
832,cat
833,bird
834,bird
835,dog
836,dog
837,truck
838,bird
839,truck
840,bird
841,horse
842,plane
843,horse
844,bird
845,car
846,bird
847,bird
848,plane
849,bird
850,deer
851,horse
852,truck
853,plane
854,car
855,plane
856,horse
857,horse
858,plane
859,horse
860,ship
861,deer
862,frog
863,frog
864,dog
865,plane
866,car
867,frog
868,horse
869,plane
870,car
871,bird
872,car
873,deer
874,bird
875,cat
876,ship
877,deer
878,bird
879,bird
880,horse
881,ship
882,cat
883,bird
884,plane
885,truck
886,plane
887,truck
888,car
889,bird
890,deer
891,deer
892,frog
893,horse
894,horse
895,car
896,car
897,cat
898,horse
899,dog
900,dog
901,bird
902,frog
903,frog
904,dog
905,ship
906,horse
907,car
908,frog
909,plane
910,ship
911,horse
912,cat
913,cat
914,deer
915,plane
916,car
917,deer
918,ship
919,ship
920,plane
921,bird
922,truck
923,truck
924,dog
925,horse
926,dog
927,bird
928,frog
929,plane
930,plane
931,deer
932,bird
933,cat
934,bird
935,horse
936,bird
937,bird
938,dog
939,car
940,ship
941,car
942,plane
943,horse
944,deer
945,plane
946,dog
947,plane
948,car
949,cat
950,ship
951,cat
952,truck
953,frog
954,car
955,deer
956,horse
957,plane
958,frog
959,horse
960,ship
961,truck
962,frog
963,car
964,frog
965,frog
966,frog
967,cat
968,truck
969,car
970,truck
971,truck
972,deer
973,deer
974,car
975,plane
976,plane
977,frog
978,ship
979,ship
980,truck
981,bird
982,truck
983,dog
984,deer
985,horse
986,ship
987,cat
988,car
989,bird
990,plane
991,car
992,dog
993,ship
994,horse
995,frog
996,dog
997,bird
998,car
999,cat
1000,ship
1001,dog
1002,plane
1003,deer
1004,deer
1005,ship
1006,car
1007,car
1008,plane
1009,truck
1010,horse
1011,plane
1012,ship
1013,frog
1014,car
1015,cat
1016,deer
1017,car
1018,frog
1019,plane
1020,dog
1021,car
1022,car
1023,plane
1024,plane
1025,cat
1026,dog
1027,plane
1028,plane
1029,frog
1030,frog
1031,cat
1032,cat
1033,bird
1034,cat
1035,dog
1036,cat
1037,bird
1038,horse
1039,bird
1040,deer
1041,bird
1042,dog
1043,dog
1044,deer
1045,ship
1046,dog
1047,bird
1048,car
1049,car
1050,dog
1051,plane
1052,frog
1053,plane
1054,dog
1055,car
1056,dog
1057,horse
1058,dog
1059,frog
1060,ship
1061,truck
1062,car
1063,frog
1064,deer
1065,dog
1066,bird
1067,car
1068,plane
1069,truck
1070,frog
1071,cat
1072,frog
1073,ship
1074,horse
1075,bird
1076,ship
1077,plane
1078,plane
1079,plane
1080,frog
1081,frog
1082,frog
1083,truck
1084,bird
1085,dog
1086,deer
1087,deer
1088,frog
1089,bird
1090,frog
1091,plane
1092,ship
1093,frog
1094,plane
1095,frog
1096,bird
1097,horse
1098,dog
1099,car
1100,bird
1101,dog
1102,ship
1103,ship
1104,plane
1105,truck
1106,cat
1107,truck
1108,horse
1109,bird
1110,plane
1111,bird
1112,ship
1113,bird
1114,ship
1115,truck
1116,car
1117,dog
1118,dog
1119,horse
1120,horse
1121,bird
1122,bird
1123,ship
1124,cat
1125,bird
1126,frog
1127,plane
1128,ship
1129,horse
1130,bird
1131,ship
1132,truck
1133,bird
1134,deer
1135,car
1136,frog
1137,truck
1138,truck
1139,horse
1140,ship
1141,frog
1142,car
1143,ship
1144,frog
1145,car
1146,deer
1147,bird
1148,frog
1149,bird
1150,horse
1151,deer
1152,bird
1153,plane
1154,ship
1155,frog
1156,car
1157,car
1158,horse
1159,car
1160,ship
1161,ship
1162,plane
1163,horse
1164,bird
1165,ship
1166,plane
1167,cat
1168,dog
1169,cat
1170,horse
1171,horse
1172,truck
1173,bird
1174,cat
1175,car
1176,truck
1177,car
1178,car
1179,bird
1180,cat
1181,dog
1182,frog
1183,car
1184,plane
1185,frog
1186,car
1187,deer
1188,car
1189,plane
1190,plane
1191,car
1192,car
1193,frog
1194,bird
1195,deer
1196,frog
1197,bird
1198,plane
1199,horse
1200,truck
1201,plane
1202,horse
1203,bird
1204,plane
1205,frog
1206,plane
1207,car
1208,deer
1209,cat
1210,horse
1211,plane
1212,frog
1213,truck
1214,ship
1215,dog
1216,horse
1217,car
1218,deer
1219,ship
1220,cat
1221,bird
1222,truck
1223,car
1224,plane
1225,horse
1226,frog
1227,frog
1228,dog
1229,dog
1230,car
1231,dog
1232,truck
1233,car
1234,ship
1235,car
1236,dog
1237,horse
1238,plane
1239,car
1240,dog
1241,frog
1242,plane
1243,ship
1244,ship
1245,dog
1246,frog
1247,horse
1248,deer
1249,bird
1250,deer
1251,horse
1252,bird
1253,dog
1254,car
1255,bird
1256,deer
1257,truck
1258,bird
1259,car
1260,ship
1261,car
1262,plane
1263,ship
1264,plane
1265,ship
1266,car
1267,plane
1268,deer
1269,bird
1270,dog
1271,car
1272,ship
1273,horse
1274,frog
1275,cat
1276,bird
1277,dog
1278,bird
1279,bird
1280,ship
1281,dog
1282,ship
1283,truck
1284,dog
1285,ship
1286,truck
1287,ship
1288,truck
1289,car
1290,frog
1291,dog
1292,truck
1293,deer
1294,deer
1295,plane
1296,plane
1297,dog
1298,plane
1299,truck
1300,deer
1301,deer
1302,car
1303,bird
1304,deer
1305,ship
1306,truck
1307,car
1308,bird
1309,dog
1310,frog
1311,plane
1312,ship
1313,bird
1314,car
1315,truck
1316,deer
1317,dog
1318,truck
1319,dog
1320,plane
1321,horse
1322,bird
1323,plane
1324,plane
1325,deer
1326,deer
1327,frog
1328,frog
1329,dog
1330,dog
1331,bird
1332,ship
1333,car
1334,horse
1335,bird
1336,car
1337,deer
1338,dog
1339,frog
1340,horse
1341,car
1342,deer
1343,horse
1344,plane
1345,truck
1346,deer
1347,plane
1348,ship
1349,bird
1350,ship
1351,deer
1352,horse
1353,bird
1354,dog
1355,car
1356,bird
1357,bird
1358,truck
1359,ship
1360,truck
1361,horse
1362,truck
1363,dog
1364,car
1365,deer
1366,plane
1367,ship
1368,bird
1369,dog
1370,ship
1371,car
1372,car
1373,car
1374,cat
1375,bird
1376,deer
1377,truck
1378,dog
1379,car
1380,horse
1381,cat
1382,frog
1383,plane
1384,ship
1385,truck
1386,dog
1387,cat
1388,truck
1389,dog
1390,dog
1391,frog
1392,bird
1393,bird
1394,deer
1395,dog
1396,frog
1397,car
1398,plane
1399,horse
1400,plane
1401,dog
1402,deer
1403,horse
1404,bird
1405,car
1406,car
1407,truck
1408,plane
1409,car
1410,plane
1411,car
1412,cat
1413,car
1414,car
1415,car
1416,horse
1417,dog
1418,truck
1419,frog
1420,ship
1421,horse
1422,frog
1423,ship
1424,deer
1425,car
1426,cat
1427,horse
1428,truck
1429,horse
1430,bird
1431,dog
1432,deer
1433,truck
1434,horse
1435,plane
1436,frog
1437,frog
1438,car
1439,dog
1440,car
1441,bird
1442,bird
1443,dog
1444,deer
1445,car
1446,deer
1447,plane
1448,ship
1449,deer
1450,frog
1451,bird
1452,bird
1453,frog
1454,dog
1455,dog
1456,frog
1457,bird
1458,car
1459,car
1460,ship
1461,frog
1462,plane
1463,bird
1464,plane
1465,car
1466,truck
1467,horse
1468,car
1469,cat
1470,horse
1471,dog
1472,plane
1473,horse
1474,horse
1475,dog
1476,truck
1477,horse
1478,horse
1479,horse
1480,cat
1481,cat
1482,bird
1483,ship
1484,frog
1485,deer
1486,truck
1487,horse
1488,car
1489,ship
1490,frog
1491,ship
1492,deer
1493,car
1494,car
1495,dog
1496,plane
1497,bird
1498,ship
1499,dog
1500,ship
1501,car
1502,dog
1503,bird
1504,dog
1505,car
1506,bird
1507,horse
1508,horse
1509,ship
1510,car
1511,ship
1512,car
1513,ship
1514,frog
1515,plane
1516,bird
1517,deer
1518,car
1519,cat
1520,frog
1521,horse
1522,deer
1523,deer
1524,deer
1525,cat
1526,cat
1527,deer
1528,bird
1529,bird
1530,dog
1531,cat
1532,horse
1533,ship
1534,horse
1535,deer
1536,deer
1537,horse
1538,deer
1539,bird
1540,bird
1541,ship
1542,deer
1543,dog
1544,dog
1545,deer
1546,truck
1547,deer
1548,plane
1549,deer
1550,car
1551,frog
1552,deer
1553,dog
1554,deer
1555,deer
1556,plane
1557,ship
1558,ship
1559,deer
1560,dog
1561,horse
1562,dog
1563,frog
1564,truck
1565,car
1566,frog
1567,horse
1568,dog
1569,plane
1570,car
1571,deer
1572,horse
1573,dog
1574,plane
1575,plane
1576,bird
1577,deer
1578,cat
1579,frog
1580,plane
1581,dog
1582,horse
1583,truck
1584,car
1585,horse
1586,horse
1587,dog
1588,plane
1589,dog
1590,frog
1591,plane
1592,car
1593,deer
1594,cat
1595,cat
1596,frog
1597,plane
1598,cat
1599,dog
1600,dog
1601,ship
1602,truck
1603,horse
1604,dog
1605,car
1606,cat
1607,frog
1608,dog
1609,deer
1610,deer
1611,bird
1612,cat
1613,cat
1614,ship
1615,car
1616,horse
1617,horse
1618,plane
1619,bird
1620,deer
1621,dog
1622,car
1623,bird
1624,bird
1625,deer
1626,cat
1627,plane
1628,truck
1629,horse
1630,truck
1631,truck
1632,car
1633,plane
1634,car
1635,frog
1636,horse
1637,horse
1638,bird
1639,bird
1640,truck
1641,horse
1642,frog
1643,dog
1644,truck
1645,frog
1646,deer
1647,plane
1648,horse
1649,ship
1650,bird
1651,dog
1652,plane
1653,plane
1654,truck
1655,horse
1656,ship
1657,bird
1658,dog
1659,deer
1660,ship
1661,cat
1662,frog
1663,horse
1664,frog
1665,plane
1666,frog
1667,bird
1668,frog
1669,truck
1670,frog
1671,bird
1672,ship
1673,frog
1674,bird
1675,deer
1676,dog
1677,ship
1678,car
1679,bird
1680,horse
1681,frog
1682,dog
1683,horse
1684,ship
1685,ship
1686,bird
1687,plane
1688,plane
1689,frog
1690,horse
1691,bird
1692,ship
1693,truck
1694,ship
1695,plane
1696,truck
1697,deer
1698,truck
1699,bird
1700,horse
1701,dog
1702,dog
1703,truck
1704,dog
1705,cat
1706,plane
1707,car
1708,truck
1709,frog
1710,bird
1711,deer
1712,car
1713,plane
1714,car
1715,plane
1716,cat
1717,car
1718,horse
1719,ship
1720,plane
1721,deer
1722,deer
1723,frog
1724,dog
1725,bird
1726,plane
1727,plane
1728,car
1729,plane
1730,ship
1731,deer
1732,cat
1733,car
1734,cat
1735,truck
1736,plane
1737,dog
1738,frog
1739,dog
1740,deer
1741,car
1742,deer
1743,ship
1744,car
1745,plane
1746,dog
1747,bird
1748,car
1749,plane
1750,dog
1751,plane
1752,car
1753,dog
1754,frog
1755,horse
1756,horse
1757,dog
1758,frog
1759,bird
1760,dog
1761,plane
1762,car
1763,deer
1764,bird
1765,dog
1766,bird
1767,frog
1768,bird
1769,bird
1770,car
1771,horse
1772,bird
1773,ship
1774,dog
1775,dog
1776,cat
1777,plane
1778,deer
1779,ship
1780,bird
1781,horse
1782,frog
1783,bird
1784,ship
1785,car
1786,bird
1787,car
1788,plane
1789,dog
1790,plane
1791,horse
1792,deer
1793,truck
1794,dog
1795,cat
1796,frog
1797,plane
1798,car
1799,deer
1800,deer
1801,deer
1802,deer
1803,bird
1804,dog
1805,deer
1806,ship
1807,car
1808,dog
1809,truck
1810,ship
1811,car
1812,car
1813,horse
1814,bird
1815,car
1816,truck
1817,horse
1818,frog
1819,dog
1820,plane
1821,ship
1822,dog
1823,bird
1824,horse
1825,truck
1826,bird
1827,ship
1828,deer
1829,horse
1830,car
1831,bird
1832,truck
1833,frog
1834,ship
1835,truck
1836,cat
1837,deer
1838,truck
1839,frog
1840,horse
1841,horse
1842,car
1843,deer
1844,ship
1845,truck
1846,horse
1847,bird
1848,dog
1849,cat
1850,horse
1851,cat
1852,plane
1853,bird
1854,truck
1855,dog
1856,dog
1857,ship
1858,dog
1859,dog
1860,bird
1861,dog
1862,cat
1863,deer
1864,dog
1865,horse
1866,horse
1867,ship
1868,bird
1869,horse
1870,ship
1871,bird
1872,dog
1873,dog
1874,frog
1875,ship
1876,plane
1877,bird
1878,cat
1879,horse
1880,plane
1881,car
1882,truck
1883,car
1884,deer
1885,horse
1886,dog
1887,dog
1888,cat
1889,bird
1890,truck
1891,deer
1892,ship
1893,frog
1894,truck
1895,cat
1896,plane
1897,truck
1898,ship
1899,dog
1900,horse
1901,ship
1902,dog
1903,plane
1904,plane
1905,car
1906,bird
1907,dog
1908,car
1909,dog
1910,bird
1911,deer
1912,deer
1913,plane
1914,truck
1915,truck
1916,truck
1917,truck
1918,ship
1919,bird
1920,deer
1921,bird
1922,plane
1923,dog
1924,car
1925,dog
1926,car
1927,plane
1928,truck
1929,deer
1930,deer
1931,car
1932,frog
1933,plane
1934,dog
1935,bird
1936,bird
1937,dog
1938,car
1939,plane
1940,horse
1941,dog
1942,horse
1943,deer
1944,ship
1945,deer
1946,horse
1947,ship
1948,dog
1949,dog
1950,plane
1951,dog
1952,horse
1953,deer
1954,deer
1955,deer
1956,dog
1957,horse
1958,dog
1959,frog
1960,plane
1961,bird
1962,horse
1963,frog
1964,bird
1965,cat
1966,plane
1967,horse
1968,horse
1969,ship
1970,truck
1971,car
1972,deer
1973,bird
1974,plane
1975,frog
1976,bird
1977,dog
1978,dog
1979,frog
1980,cat
1981,truck
1982,cat
1983,frog
1984,frog
1985,horse
1986,bird
1987,bird
1988,truck
1989,dog
1990,frog
1991,horse
1992,car
1993,frog
1994,frog
1995,truck
1996,bird
1997,dog
1998,truck
1999,bird
2000,dog
2001,car
2002,bird
2003,bird
2004,dog
2005,horse
2006,bird
2007,horse
2008,ship
2009,truck
2010,car
2011,dog
2012,deer
2013,dog
2014,frog
2015,ship
2016,deer
2017,frog
2018,frog
2019,bird
2020,truck
2021,truck
2022,ship
2023,dog
2024,dog
2025,frog
2026,deer
2027,dog
2028,truck
2029,horse
2030,dog
2031,deer
2032,car
2033,deer
2034,bird
2035,deer
2036,frog
2037,dog
2038,dog
2039,bird
2040,ship
2041,plane
2042,plane
2043,car
2044,ship
2045,dog
2046,car
2047,dog
2048,dog
2049,ship
2050,cat
2051,ship
2052,dog
2053,ship
2054,frog
2055,dog
2056,dog
2057,dog
2058,dog
2059,plane
2060,car
2061,dog
2062,bird
2063,horse
2064,car
2065,ship
2066,frog
2067,deer
2068,deer
2069,cat
2070,deer
2071,bird
2072,truck
2073,frog
2074,bird
2075,bird
2076,deer
2077,cat
2078,plane
2079,frog
2080,plane
2081,car
2082,frog
2083,bird
2084,dog
2085,horse
2086,plane
2087,car
2088,plane
2089,horse
2090,horse
2091,bird
2092,plane
2093,car
2094,frog
2095,dog
2096,deer
2097,bird
2098,bird
2099,plane
2100,car
2101,bird
2102,frog
2103,plane
2104,car
2105,frog
2106,frog
2107,dog
2108,cat
2109,dog
2110,plane
2111,plane
2112,car
2113,car
2114,plane
2115,bird
2116,dog
2117,truck
2118,horse
2119,ship
2120,frog
2121,bird
2122,frog
2123,plane
2124,bird
2125,plane
2126,car
2127,car
2128,deer
2129,frog
2130,plane
2131,plane
2132,horse
2133,bird
2134,cat
2135,dog
2136,ship
2137,horse
2138,bird
2139,frog
2140,ship
2141,truck
2142,horse
2143,car
2144,truck
2145,bird
2146,deer
2147,bird
2148,bird
2149,truck
2150,frog
2151,truck
2152,dog
2153,horse
2154,ship
2155,ship
2156,ship
2157,ship
2158,dog
2159,truck
2160,plane
2161,plane
2162,bird
2163,dog
2164,horse
2165,car
2166,plane
2167,plane
2168,dog
2169,dog
2170,plane
2171,bird
2172,bird
2173,deer
2174,frog
2175,truck
2176,dog
2177,car
2178,truck
2179,frog
2180,car
2181,deer
2182,plane
2183,deer
2184,deer
2185,truck
2186,plane
2187,car
2188,dog
2189,truck
2190,bird
2191,car
2192,horse
2193,frog
2194,plane
2195,ship
2196,bird
2197,ship
2198,frog
2199,ship
2200,bird
2201,plane
2202,dog
2203,truck
2204,bird
2205,truck
2206,dog
2207,car
2208,frog
2209,deer
2210,deer
2211,bird
2212,horse
2213,bird
2214,deer
2215,deer
2216,dog
2217,bird
2218,ship
2219,deer
2220,dog
2221,car
2222,bird
2223,frog
2224,ship
2225,car
2226,horse
2227,frog
2228,ship
2229,horse
2230,deer
2231,cat
2232,cat
2233,horse
2234,plane
2235,horse
2236,bird
2237,dog
2238,frog
2239,car
2240,horse
2241,truck
2242,plane
2243,bird
2244,cat
2245,truck
2246,plane
2247,car
2248,dog
2249,plane
2250,plane
2251,horse
2252,frog
2253,cat
2254,bird
2255,ship
2256,cat
2257,deer
2258,plane
2259,car
2260,dog
2261,deer
2262,cat
2263,plane
2264,frog
2265,plane
2266,ship
2267,ship
2268,cat
2269,cat
2270,cat
2271,bird
2272,truck
2273,horse
2274,bird
2275,car
2276,frog
2277,plane
2278,dog
2279,truck
2280,truck
2281,deer
2282,dog
2283,truck
2284,deer
2285,ship
2286,dog
2287,dog
2288,bird
2289,dog
2290,car
2291,truck
2292,dog
2293,dog
2294,car
2295,dog
2296,ship
2297,truck
2298,horse
2299,plane
2300,cat
2301,deer
2302,bird
2303,plane
2304,bird
2305,frog
2306,truck
2307,cat
2308,truck
2309,car
2310,cat
2311,horse
2312,horse
2313,bird
2314,dog
2315,dog
2316,bird
2317,frog
2318,dog
2319,bird
2320,horse
2321,horse
2322,deer
2323,plane
2324,ship
2325,plane
2326,dog
2327,horse
2328,car
2329,horse
2330,deer
2331,plane
2332,deer
2333,bird
2334,frog
2335,car
2336,dog
2337,truck
2338,horse
2339,frog
2340,bird
2341,horse
2342,plane
2343,cat
2344,frog
2345,plane
2346,car
2347,car
2348,ship
2349,cat
2350,dog
2351,dog
2352,car
2353,bird
2354,deer
2355,ship
2356,truck
2357,ship
2358,car
2359,cat
2360,bird
2361,horse
2362,bird
2363,bird
2364,bird
2365,frog
2366,horse
2367,truck
2368,deer
2369,plane
2370,car
2371,plane
2372,deer
2373,dog
2374,plane
2375,ship
2376,plane
2377,horse
2378,frog
2379,car
2380,plane
2381,ship
2382,dog
2383,truck
2384,deer
2385,dog
2386,deer
2387,dog
2388,truck
2389,plane
2390,frog
2391,car
2392,bird
2393,dog
2394,car
2395,frog
2396,horse
2397,horse
2398,bird
2399,ship
2400,ship
2401,plane
2402,ship
2403,truck
2404,deer
2405,plane
2406,frog
2407,deer
2408,truck
2409,bird
2410,bird
2411,cat
2412,plane
2413,frog
2414,frog
2415,dog
2416,frog
2417,deer
2418,horse
2419,ship
2420,deer
2421,frog
2422,ship
2423,deer
2424,frog
2425,ship
2426,plane
2427,plane
2428,dog
2429,frog
2430,ship
2431,horse
2432,ship
2433,plane
2434,truck
2435,plane
2436,frog
2437,deer
2438,ship
2439,plane
2440,car
2441,horse
2442,deer
2443,bird
2444,bird
2445,dog
2446,frog
2447,truck
2448,frog
2449,bird
2450,dog
2451,car
2452,ship
2453,bird
2454,deer
2455,frog
2456,cat
2457,ship
2458,frog
2459,ship
2460,dog
2461,truck
2462,plane
2463,car
2464,plane
2465,frog
2466,truck
2467,bird
2468,truck
2469,plane
2470,truck
2471,horse
2472,ship
2473,dog
2474,ship
2475,frog
2476,frog
2477,ship
2478,car
2479,frog
2480,dog
2481,ship
2482,horse
2483,car
2484,bird
2485,car
2486,frog
2487,deer
2488,dog
2489,frog
2490,cat
2491,plane
2492,truck
2493,ship
2494,truck
2495,dog
2496,dog
2497,truck
2498,ship
2499,cat
2500,bird
2501,frog
2502,deer
2503,ship
2504,ship
2505,car
2506,horse
2507,plane
2508,plane
2509,deer
2510,frog
2511,deer
2512,truck
2513,bird
2514,bird
2515,dog
2516,bird
2517,bird
2518,truck
2519,horse
2520,deer
2521,car
2522,dog
2523,car
2524,bird
2525,frog
2526,bird
2527,horse
2528,ship
2529,truck
2530,dog
2531,bird
2532,bird
2533,car
2534,frog
2535,truck
2536,deer
2537,dog
2538,car
2539,bird
2540,ship
2541,bird
2542,car
2543,ship
2544,deer
2545,bird
2546,deer
2547,ship
2548,bird
2549,plane
2550,frog
2551,deer
2552,deer
2553,truck
2554,ship
2555,deer
2556,horse
2557,frog
2558,bird
2559,deer
2560,horse
2561,dog
2562,frog
2563,deer
2564,bird
2565,bird
2566,dog
2567,bird
2568,bird
2569,dog
2570,plane
2571,bird
2572,truck
2573,frog
2574,dog
2575,ship
2576,dog
2577,bird
2578,deer
2579,ship
2580,ship
2581,frog
2582,frog
2583,dog
2584,horse
2585,frog
2586,dog
2587,bird
2588,plane
2589,deer
2590,plane
2591,deer
2592,ship
2593,deer
2594,ship
2595,plane
2596,deer
2597,cat
2598,bird
2599,cat
2600,dog
2601,ship
2602,car
2603,frog
2604,bird
2605,ship
2606,deer
2607,dog
2608,car
2609,deer
2610,dog
2611,bird
2612,deer
2613,dog
2614,frog
2615,plane
2616,horse
2617,car
2618,bird
2619,dog
2620,horse
2621,car
2622,ship
2623,plane
2624,deer
2625,dog
2626,bird
2627,horse
2628,horse
2629,plane
2630,bird
2631,frog
2632,deer
2633,dog
2634,cat
2635,car
2636,deer
2637,car
2638,frog
2639,bird
2640,frog
2641,horse
2642,deer
2643,bird
2644,deer
2645,ship
2646,car
2647,bird
2648,car
2649,deer
2650,frog
2651,dog
2652,dog
2653,horse
2654,deer
2655,dog
2656,deer
2657,truck
2658,horse
2659,horse
2660,bird
2661,dog
2662,dog
2663,bird
2664,horse
2665,deer
2666,car
2667,frog
2668,car
2669,plane
2670,frog
2671,truck
2672,frog
2673,plane
2674,deer
2675,plane
2676,bird
2677,frog
2678,horse
2679,plane
2680,plane
2681,plane
2682,bird
2683,horse
2684,dog
2685,dog
2686,deer
2687,horse
2688,ship
2689,dog
2690,dog
2691,frog
2692,bird
2693,ship
2694,truck
2695,car
2696,bird
2697,bird
2698,plane
2699,cat
2700,deer
2701,car
2702,plane
2703,frog
2704,truck
2705,cat
2706,plane
2707,dog
2708,frog
2709,deer
2710,frog
2711,horse
2712,dog
2713,car
2714,ship
2715,truck
2716,plane
2717,bird
2718,plane
2719,dog
2720,bird
2721,cat
2722,plane
2723,deer
2724,bird
2725,plane
2726,ship
2727,dog
2728,truck
2729,bird
2730,plane
2731,frog
2732,dog
2733,horse
2734,horse
2735,horse
2736,bird
2737,ship
2738,plane
2739,deer
2740,bird
2741,car
2742,frog
2743,bird
2744,truck
2745,truck
2746,ship
2747,bird
2748,cat
2749,car
2750,plane
2751,dog
2752,bird
2753,dog
2754,horse
2755,truck
2756,horse
2757,dog
2758,car
2759,car
2760,frog
2761,bird
2762,horse
2763,deer
2764,deer
2765,car
2766,truck
2767,deer
2768,bird
2769,dog
2770,car
2771,bird
2772,horse
2773,frog
2774,car
2775,bird
2776,cat
2777,horse
2778,dog
2779,deer
2780,bird
2781,horse
2782,plane
2783,bird
2784,plane
2785,car
2786,bird
2787,deer
2788,cat
2789,horse
2790,truck
2791,ship
2792,horse
2793,plane
2794,truck
2795,plane
2796,frog
2797,horse
2798,frog
2799,dog
2800,ship
2801,deer
2802,dog
2803,frog
2804,dog
2805,dog
2806,deer
2807,bird
2808,truck
2809,bird
2810,deer
2811,horse
2812,bird
2813,plane
2814,car
2815,car
2816,cat
2817,horse
2818,truck
2819,dog
2820,car
2821,frog
2822,plane
2823,dog
2824,cat
2825,horse
2826,frog
2827,deer
2828,dog
2829,bird
2830,frog
2831,frog
2832,cat
2833,dog
2834,plane
2835,deer
2836,cat
2837,dog
2838,ship
2839,car
2840,bird
2841,bird
2842,bird
2843,horse
2844,plane
2845,bird
2846,dog
2847,frog
2848,plane
2849,frog
2850,bird
2851,dog
2852,deer
2853,bird
2854,truck
2855,horse
2856,bird
2857,bird
2858,plane
2859,horse
2860,horse
2861,dog
2862,dog
2863,frog
2864,frog
2865,dog
2866,frog
2867,truck
2868,horse
2869,car
2870,deer
2871,ship
2872,cat
2873,car
2874,truck
2875,plane
2876,car
2877,truck
2878,plane
2879,cat
2880,plane
2881,deer
2882,horse
2883,horse
2884,bird
2885,frog
2886,dog
2887,frog
2888,truck
2889,horse
2890,horse
2891,dog
2892,horse
2893,plane
2894,ship
2895,frog
2896,dog
2897,ship
2898,cat
2899,ship
2900,truck
2901,bird
2902,bird
2903,truck
2904,bird
2905,horse
2906,deer
2907,car
2908,truck
2909,horse
2910,plane
2911,plane
2912,car
2913,bird
2914,plane
2915,frog
2916,dog
2917,car
2918,deer
2919,bird
2920,ship
2921,bird
2922,ship
2923,cat
2924,horse
2925,car
2926,deer
2927,truck
2928,ship
2929,car
2930,car
2931,horse
2932,truck
2933,truck
2934,deer
2935,frog
2936,ship
2937,dog
2938,dog
2939,bird
2940,bird
2941,plane
2942,ship
2943,dog
2944,car
2945,truck
2946,horse
2947,truck
2948,car
2949,plane
2950,cat
2951,car
2952,plane
2953,dog
2954,ship
2955,truck
2956,horse
2957,plane
2958,bird
2959,ship
2960,plane
2961,plane
2962,deer
2963,ship
2964,cat
2965,plane
2966,horse
2967,plane
2968,horse
2969,plane
2970,dog
2971,cat
2972,deer
2973,cat
2974,plane
2975,truck
2976,bird
2977,plane
2978,frog
2979,horse
2980,plane
2981,ship
2982,deer
2983,deer
2984,dog
2985,bird
2986,bird
2987,ship
2988,deer
2989,dog
2990,dog
2991,deer
2992,cat
2993,deer
2994,plane
2995,ship
2996,deer
2997,frog
2998,bird
2999,dog
3000,frog
3001,dog
3002,car
3003,horse
3004,bird
3005,deer
3006,plane
3007,dog
3008,frog
3009,ship
3010,horse
3011,frog
3012,dog
3013,car
3014,horse
3015,frog
3016,frog
3017,bird
3018,dog
3019,dog
3020,dog
3021,car
3022,ship
3023,horse
3024,cat
3025,plane
3026,frog
3027,dog
3028,car
3029,car
3030,car
3031,frog
3032,horse
3033,frog
3034,car
3035,bird
3036,dog
3037,truck
3038,ship
3039,cat
3040,car
3041,horse
3042,deer
3043,ship
3044,deer
3045,horse
3046,dog
3047,ship
3048,frog
3049,plane
3050,cat
3051,plane
3052,bird
3053,bird
3054,deer
3055,deer
3056,truck
3057,deer
3058,frog
3059,car
3060,plane
3061,horse
3062,horse
3063,truck
3064,plane
3065,car
3066,bird
3067,car
3068,cat
3069,plane
3070,deer
3071,plane
3072,horse
3073,frog
3074,dog
3075,car
3076,cat
3077,bird
3078,car
3079,ship
3080,ship
3081,car
3082,truck
3083,horse
3084,cat
3085,deer
3086,bird
3087,truck
3088,plane
3089,frog
3090,ship
3091,deer
3092,car
3093,dog
3094,horse
3095,plane
3096,frog
3097,horse
3098,plane
3099,deer
3100,truck
3101,plane
3102,horse
3103,plane
3104,frog
3105,horse
3106,car
3107,ship
3108,dog
3109,ship
3110,ship
3111,dog
3112,plane
3113,plane
3114,frog
3115,bird
3116,dog
3117,horse
3118,plane
3119,frog
3120,deer
3121,bird
3122,truck
3123,car
3124,ship
3125,frog
3126,cat
3127,truck
3128,deer
3129,truck
3130,cat
3131,dog
3132,horse
3133,dog
3134,truck
3135,horse
3136,dog
3137,deer
3138,dog
3139,ship
3140,bird
3141,ship
3142,truck
3143,dog
3144,cat
3145,car
3146,truck
3147,bird
3148,bird
3149,deer
3150,car
3151,truck
3152,plane
3153,car
3154,car
3155,truck
3156,ship
3157,truck
3158,truck
3159,plane
3160,bird
3161,bird
3162,truck
3163,car
3164,truck
3165,bird
3166,car
3167,car
3168,bird
3169,dog
3170,truck
3171,horse
3172,car
3173,truck
3174,car
3175,bird
3176,car
3177,horse
3178,bird
3179,dog
3180,frog
3181,frog
3182,truck
3183,ship
3184,dog
3185,plane
3186,bird
3187,horse
3188,horse
3189,deer
3190,ship
3191,dog
3192,plane
3193,deer
3194,deer
3195,dog
3196,dog
3197,horse
3198,frog
3199,frog
3200,frog
3201,dog
3202,frog
3203,dog
3204,deer
3205,cat
3206,ship
3207,bird
3208,bird
3209,truck
3210,dog
3211,truck
3212,truck
3213,frog
3214,truck
3215,frog
3216,car
3217,bird
3218,horse
3219,bird
3220,frog
3221,truck
3222,dog
3223,deer
3224,horse
3225,frog
3226,truck
3227,plane
3228,bird
3229,cat
3230,truck
3231,dog
3232,cat
3233,horse
3234,ship
3235,cat
3236,dog
3237,dog
3238,car
3239,frog
3240,car
3241,plane
3242,horse
3243,bird
3244,ship
3245,horse
3246,horse
3247,car
3248,dog
3249,plane
3250,cat
3251,bird
3252,dog
3253,deer
3254,bird
3255,cat
3256,dog
3257,deer
3258,horse
3259,plane
3260,cat
3261,horse
3262,plane
3263,bird
3264,car
3265,plane
3266,ship
3267,horse
3268,dog
3269,dog
3270,horse
3271,ship
3272,dog
3273,horse
3274,ship
3275,car
3276,horse
3277,deer
3278,horse
3279,plane
3280,ship
3281,cat
3282,bird
3283,truck
3284,horse
3285,cat
3286,car
3287,frog
3288,dog
3289,truck
3290,ship
3291,dog
3292,dog
3293,deer
3294,car
3295,plane
3296,truck
3297,deer
3298,horse
3299,cat
3300,deer
3301,deer
3302,plane
3303,plane
3304,ship
3305,bird
3306,truck
3307,deer
3308,truck
3309,horse
3310,horse
3311,frog
3312,horse
3313,dog
3314,bird
3315,car
3316,dog
3317,horse
3318,horse
3319,ship
3320,bird
3321,horse
3322,bird
3323,bird
3324,dog
3325,frog
3326,frog
3327,deer
3328,dog
3329,bird
3330,dog
3331,horse
3332,ship
3333,horse
3334,bird
3335,dog
3336,plane
3337,plane
3338,horse
3339,plane
3340,dog
3341,frog
3342,car
3343,deer
3344,horse
3345,truck
3346,horse
3347,deer
3348,truck
3349,car
3350,bird
3351,ship
3352,car
3353,bird
3354,cat
3355,plane
3356,dog
3357,deer
3358,bird
3359,truck
3360,horse
3361,deer
3362,dog
3363,car
3364,bird
3365,deer
3366,truck
3367,ship
3368,horse
3369,truck
3370,cat
3371,car
3372,bird
3373,car
3374,frog
3375,frog
3376,deer
3377,dog
3378,horse
3379,horse
3380,dog
3381,ship
3382,dog
3383,deer
3384,ship
3385,horse
3386,ship
3387,bird
3388,dog
3389,frog
3390,car
3391,dog
3392,bird
3393,truck
3394,dog
3395,car
3396,truck
3397,plane
3398,truck
3399,plane
3400,plane
3401,frog
3402,bird
3403,deer
3404,ship
3405,dog
3406,horse
3407,frog
3408,car
3409,frog
3410,truck
3411,deer
3412,dog
3413,plane
3414,dog
3415,horse
3416,horse
3417,bird
3418,bird
3419,car
3420,deer
3421,dog
3422,plane
3423,bird
3424,ship
3425,dog
3426,plane
3427,plane
3428,frog
3429,dog
3430,plane
3431,ship
3432,deer
3433,dog
3434,horse
3435,dog
3436,frog
3437,deer
3438,horse
3439,truck
3440,deer
3441,cat
3442,plane
3443,frog
3444,bird
3445,plane
3446,plane
3447,dog
3448,deer
3449,frog
3450,car
3451,car
3452,dog
3453,cat
3454,bird
3455,bird
3456,dog
3457,cat
3458,deer
3459,dog
3460,bird
3461,car
3462,dog
3463,horse
3464,dog
3465,truck
3466,frog
3467,dog
3468,plane
3469,bird
3470,truck
3471,horse
3472,car
3473,horse
3474,bird
3475,bird
3476,plane
3477,ship
3478,frog
3479,deer
3480,horse
3481,bird
3482,horse
3483,horse
3484,plane
3485,deer
3486,car
3487,frog
3488,dog
3489,car
3490,dog
3491,plane
3492,dog
3493,truck
3494,plane
3495,dog
3496,horse
3497,plane
3498,plane
3499,deer
3500,plane
3501,car
3502,car
3503,ship
3504,deer
3505,truck
3506,horse
3507,bird
3508,deer
3509,cat
3510,cat
3511,deer
3512,plane
3513,deer
3514,frog
3515,dog
3516,ship
3517,truck
3518,car
3519,dog
3520,ship
3521,car
3522,ship
3523,bird
3524,bird
3525,horse
3526,bird
3527,deer
3528,car
3529,car
3530,frog
3531,frog
3532,truck
3533,dog
3534,bird
3535,bird
3536,dog
3537,plane
3538,ship
3539,bird
3540,dog
3541,frog
3542,bird
3543,truck
3544,frog
3545,car
3546,deer
3547,dog
3548,truck
3549,plane
3550,car
3551,deer
3552,plane
3553,ship
3554,car
3555,car
3556,frog
3557,frog
3558,bird
3559,dog
3560,deer
3561,car
3562,horse
3563,ship
3564,frog
3565,truck
3566,car
3567,horse
3568,frog
3569,plane
3570,frog
3571,dog
3572,dog
3573,frog
3574,bird
3575,dog
3576,horse
3577,deer
3578,car
3579,horse
3580,car
3581,deer
3582,deer
3583,frog
3584,car
3585,dog
3586,ship
3587,ship
3588,plane
3589,frog
3590,horse
3591,horse
3592,frog
3593,horse
3594,bird
3595,dog
3596,bird
3597,deer
3598,frog
3599,bird
3600,horse
3601,bird
3602,plane
3603,cat
3604,cat
3605,bird
3606,deer
3607,cat
3608,bird
3609,truck
3610,truck
3611,dog
3612,car
3613,car
3614,dog
3615,dog
3616,bird
3617,deer
3618,cat
3619,bird
3620,car
3621,plane
3622,deer
3623,cat
3624,dog
3625,deer
3626,ship
3627,truck
3628,cat
3629,cat
3630,car
3631,ship
3632,plane
3633,car
3634,cat
3635,cat
3636,deer
3637,deer
3638,frog
3639,car
3640,horse
3641,bird
3642,ship
3643,car
3644,ship
3645,truck
3646,truck
3647,cat
3648,car
3649,horse
3650,cat
3651,plane
3652,plane
3653,bird
3654,plane
3655,dog
3656,truck
3657,bird
3658,horse
3659,deer
3660,frog
3661,plane
3662,car
3663,frog
3664,car
3665,frog
3666,horse
3667,dog
3668,dog
3669,bird
3670,horse
3671,truck
3672,deer
3673,plane
3674,bird
3675,cat
3676,deer
3677,car
3678,deer
3679,car
3680,plane
3681,plane
3682,bird
3683,cat
3684,horse
3685,truck
3686,bird
3687,ship
3688,truck
3689,horse
3690,horse
3691,truck
3692,car
3693,deer
3694,bird
3695,bird
3696,ship
3697,bird
3698,deer
3699,ship
3700,truck
3701,dog
3702,car
3703,car
3704,frog
3705,dog
3706,ship
3707,deer
3708,frog
3709,deer
3710,dog
3711,bird
3712,deer
3713,deer
3714,bird
3715,cat
3716,frog
3717,cat
3718,frog
3719,ship
3720,dog
3721,bird
3722,bird
3723,horse
3724,car
3725,horse
3726,bird
3727,dog
3728,truck
3729,bird
3730,ship
3731,car
3732,frog
3733,truck
3734,dog
3735,horse
3736,dog
3737,bird
3738,bird
3739,truck
3740,horse
3741,plane
3742,bird
3743,truck
3744,cat
3745,deer
3746,car
3747,horse
3748,truck
3749,dog
3750,ship
3751,truck
3752,horse
3753,dog
3754,bird
3755,plane
3756,truck
3757,horse
3758,plane
3759,bird
3760,deer
3761,horse
3762,plane
3763,car
3764,ship
3765,car
3766,plane
3767,deer
3768,frog
3769,car
3770,truck
3771,truck
3772,plane
3773,car
3774,dog
3775,dog
3776,frog
3777,truck
3778,horse
3779,horse
3780,bird
3781,deer
3782,bird
3783,plane
3784,bird
3785,dog
3786,bird
3787,horse
3788,frog
3789,horse
3790,car
3791,deer
3792,bird
3793,plane
3794,frog
3795,car
3796,horse
3797,dog
3798,frog
3799,dog
3800,horse
3801,truck
3802,plane
3803,horse
3804,ship
3805,dog
3806,truck
3807,dog
3808,ship
3809,dog
3810,deer
3811,dog
3812,horse
3813,truck
3814,ship
3815,car
3816,bird
3817,deer
3818,ship
3819,truck
3820,dog
3821,plane
3822,frog
3823,horse
3824,plane
3825,bird
3826,plane
3827,car
3828,cat
3829,plane
3830,ship
3831,dog
3832,dog
3833,horse
3834,truck
3835,ship
3836,dog
3837,horse
3838,truck
3839,car
3840,dog
3841,frog
3842,truck
3843,ship
3844,horse
3845,bird
3846,plane
3847,car
3848,plane
3849,ship
3850,dog
3851,car
3852,deer
3853,bird
3854,dog
3855,ship
3856,car
3857,truck
3858,car
3859,ship
3860,frog
3861,horse
3862,frog
3863,deer
3864,bird
3865,frog
3866,horse
3867,plane
3868,dog
3869,deer
3870,ship
3871,ship
3872,ship
3873,dog
3874,truck
3875,frog
3876,horse
3877,horse
3878,deer
3879,dog
3880,horse
3881,frog
3882,horse
3883,car
3884,horse
3885,cat
3886,frog
3887,ship
3888,dog
3889,frog
3890,frog
3891,horse
3892,car
3893,frog
3894,truck
3895,horse
3896,car
3897,bird
3898,plane
3899,car
3900,bird
3901,frog
3902,bird
3903,truck
3904,plane
3905,car
3906,bird
3907,dog
3908,horse
3909,bird
3910,dog
3911,deer
3912,truck
3913,ship
3914,deer
3915,deer
3916,deer
3917,truck
3918,dog
3919,frog
3920,horse
3921,horse
3922,car
3923,bird
3924,deer
3925,dog
3926,car
3927,truck
3928,bird
3929,bird
3930,dog
3931,car
3932,dog
3933,frog
3934,frog
3935,bird
3936,deer
3937,frog
3938,ship
3939,ship
3940,truck
3941,frog
3942,frog
3943,car
3944,plane
3945,horse
3946,dog
3947,ship
3948,bird
3949,car
3950,dog
3951,ship
3952,car
3953,deer
3954,bird
3955,dog
3956,plane
3957,bird
3958,plane
3959,truck
3960,dog
3961,bird
3962,ship
3963,horse
3964,dog
3965,truck
3966,plane
3967,deer
3968,deer
3969,ship
3970,bird
3971,truck
3972,plane
3973,horse
3974,truck
3975,ship
3976,horse
3977,car
3978,frog
3979,bird
3980,car
3981,bird
3982,dog
3983,truck
3984,horse
3985,frog
3986,horse
3987,horse
3988,car
3989,car
3990,bird
3991,deer
3992,bird
3993,plane
3994,frog
3995,ship
3996,cat
3997,bird
3998,deer
3999,bird
4000,truck
4001,deer
4002,bird
4003,deer
4004,plane
4005,plane
4006,frog
4007,ship
4008,frog
4009,ship
4010,bird
4011,horse
4012,horse
4013,horse
4014,car
4015,ship
4016,car
4017,frog
4018,dog
4019,truck
4020,horse
4021,ship
4022,truck
4023,frog
4024,dog
4025,ship
4026,car
4027,truck
4028,deer
4029,plane
4030,deer
4031,car
4032,deer
4033,dog
4034,frog
4035,bird
4036,bird
4037,plane
4038,plane
4039,truck
4040,horse
4041,plane
4042,horse
4043,dog
4044,cat
4045,frog
4046,horse
4047,horse
4048,deer
4049,dog
4050,deer
4051,cat
4052,dog
4053,dog
4054,deer
4055,plane
4056,plane
4057,plane
4058,horse
4059,bird
4060,car
4061,frog
4062,dog
4063,plane
4064,horse
4065,horse
4066,deer
4067,bird
4068,car
4069,ship
4070,dog
4071,truck
4072,bird
4073,dog
4074,frog
4075,bird
4076,bird
4077,horse
4078,dog
4079,bird
4080,ship
4081,car
4082,plane
4083,frog
4084,ship
4085,horse
4086,ship
4087,ship
4088,dog
4089,horse
4090,bird
4091,deer
4092,truck
4093,horse
4094,dog
4095,dog
4096,ship
4097,ship
4098,deer
4099,truck
4100,deer
4101,horse
4102,deer
4103,plane
4104,ship
4105,plane
4106,horse
4107,plane
4108,dog
4109,bird
4110,dog
4111,bird
4112,deer
4113,dog
4114,plane
4115,bird
4116,ship
4117,bird
4118,deer
4119,bird
4120,frog
4121,deer
4122,dog
4123,frog
4124,plane
4125,ship
4126,bird
4127,plane
4128,frog
4129,car
4130,car
4131,frog
4132,car
4133,deer
4134,bird
4135,car
4136,dog
4137,bird
4138,cat
4139,deer
4140,deer
4141,bird
4142,ship
4143,ship
4144,dog
4145,car
4146,ship
4147,bird
4148,bird
4149,bird
4150,truck
4151,frog
4152,frog
4153,dog
4154,plane
4155,horse
4156,cat
4157,cat
4158,bird
4159,horse
4160,deer
4161,dog
4162,frog
4163,plane
4164,frog
4165,car
4166,ship
4167,car
4168,plane
4169,truck
4170,dog
4171,car
4172,plane
4173,dog
4174,deer
4175,bird
4176,horse
4177,cat
4178,frog
4179,horse
4180,frog
4181,plane
4182,plane
4183,dog
4184,horse
4185,deer
4186,horse
4187,horse
4188,deer
4189,frog
4190,car
4191,horse
4192,truck
4193,plane
4194,plane
4195,plane
4196,dog
4197,ship
4198,deer
4199,plane
4200,ship
4201,deer
4202,car
4203,plane
4204,bird
4205,frog
4206,deer
4207,car
4208,car
4209,bird
4210,horse
4211,dog
4212,deer
4213,car
4214,deer
4215,horse
4216,car
4217,plane
4218,plane
4219,truck
4220,plane
4221,dog
4222,bird
4223,ship
4224,plane
4225,dog
4226,dog
4227,plane
4228,deer
4229,plane
4230,ship
4231,frog
4232,bird
4233,dog
4234,truck
4235,bird
4236,truck
4237,car
4238,car
4239,dog
4240,deer
4241,horse
4242,bird
4243,ship
4244,frog
4245,dog
4246,car
4247,dog
4248,horse
4249,cat
4250,deer
4251,frog
4252,car
4253,truck
4254,truck
4255,ship
4256,truck
4257,ship
4258,frog
4259,ship
4260,dog
4261,ship
4262,truck
4263,deer
4264,frog
4265,deer
4266,frog
4267,dog
4268,horse
4269,deer
4270,plane
4271,plane
4272,car
4273,horse
4274,dog
4275,car
4276,dog
4277,dog
4278,dog
4279,car
4280,frog
4281,plane
4282,bird
4283,dog
4284,frog
4285,truck
4286,car
4287,plane
4288,cat
4289,car
4290,horse
4291,bird
4292,frog
4293,car
4294,truck
4295,plane
4296,plane
4297,ship
4298,truck
4299,truck
4300,plane
4301,ship
4302,bird
4303,dog
4304,dog
4305,frog
4306,plane
4307,dog
4308,bird
4309,plane
4310,bird
4311,horse
4312,horse
4313,bird
4314,plane
4315,car
4316,frog
4317,ship
4318,ship
4319,car
4320,bird
4321,truck
4322,dog
4323,deer
4324,dog
4325,truck
4326,frog
4327,horse
4328,car
4329,plane
4330,frog
4331,truck
4332,horse
4333,horse
4334,horse
4335,horse
4336,cat
4337,truck
4338,car
4339,truck
4340,horse
4341,plane
4342,car
4343,cat
4344,dog
4345,deer
4346,bird
4347,cat
4348,ship
4349,ship
4350,plane
4351,deer
4352,ship
4353,dog
4354,frog
4355,horse
4356,cat
4357,plane
4358,bird
4359,dog
4360,bird
4361,frog
4362,ship
4363,deer
4364,truck
4365,truck
4366,truck
4367,bird
4368,cat
4369,deer
4370,bird
4371,ship
4372,car
4373,car
4374,plane
4375,plane
4376,cat
4377,bird
4378,deer
4379,car
4380,car
4381,truck
4382,horse
4383,horse
4384,deer
4385,frog
4386,ship
4387,bird
4388,plane
4389,bird
4390,ship
4391,dog
4392,dog
4393,dog
4394,cat
4395,dog
4396,horse
4397,truck
4398,ship
4399,horse
4400,deer
4401,cat
4402,car
4403,deer
4404,ship
4405,deer
4406,frog
4407,dog
4408,cat
4409,car
4410,ship
4411,truck
4412,dog
4413,horse
4414,frog
4415,bird
4416,plane
4417,bird
4418,truck
4419,truck
4420,plane
4421,dog
4422,bird
4423,cat
4424,bird
4425,car
4426,car
4427,plane
4428,bird
4429,ship
4430,bird
4431,car
4432,car
4433,horse
4434,dog
4435,bird
4436,dog
4437,deer
4438,car
4439,bird
4440,frog
4441,bird
4442,car
4443,plane
4444,deer
4445,ship
4446,truck
4447,plane
4448,plane
4449,bird
4450,truck
4451,plane
4452,bird
4453,bird
4454,plane
4455,frog
4456,ship
4457,horse
4458,dog
4459,bird
4460,ship
4461,truck
4462,plane
4463,bird
4464,dog
4465,cat
4466,frog
4467,car
4468,cat
4469,ship
4470,dog
4471,plane
4472,dog
4473,deer
4474,deer
4475,plane
4476,car
4477,dog
4478,bird
4479,car
4480,horse
4481,truck
4482,truck
4483,frog
4484,bird
4485,deer
4486,horse
4487,ship
4488,dog
4489,deer
4490,horse
4491,bird
4492,bird
4493,ship
4494,deer
4495,ship
4496,dog
4497,ship
4498,ship
4499,ship
4500,frog
4501,dog
4502,dog
4503,horse
4504,deer
4505,dog
4506,deer
4507,car
4508,dog
4509,truck
4510,dog
4511,plane
4512,frog
4513,ship
4514,cat
4515,truck
4516,plane
4517,truck
4518,ship
4519,truck
4520,frog
4521,cat
4522,truck
4523,bird
4524,deer
4525,deer
4526,plane
4527,dog
4528,dog
4529,dog
4530,deer
4531,cat
4532,car
4533,car
4534,ship
4535,bird
4536,bird
4537,car
4538,horse
4539,horse
4540,ship
4541,truck
4542,bird
4543,bird
4544,car
4545,horse
4546,cat
4547,plane
4548,deer
4549,plane
4550,car
4551,deer
4552,dog
4553,dog
4554,deer
4555,deer
4556,dog
4557,ship
4558,plane
4559,plane
4560,bird
4561,car
4562,dog
4563,dog
4564,horse
4565,deer
4566,bird
4567,ship
4568,deer
4569,ship
4570,truck
4571,truck
4572,deer
4573,bird
4574,deer
4575,deer
4576,frog
4577,deer
4578,frog
4579,deer
4580,frog
4581,frog
4582,bird
4583,ship
4584,horse
4585,deer
4586,ship
4587,plane
4588,dog
4589,truck
4590,dog
4591,bird
4592,plane
4593,horse
4594,dog
4595,car
4596,truck
4597,horse
4598,truck
4599,car
4600,frog
4601,deer
4602,bird
4603,car
4604,frog
4605,deer
4606,bird
4607,horse
4608,car
4609,deer
4610,ship
4611,horse
4612,car
4613,horse
4614,car
4615,deer
4616,deer
4617,horse
4618,dog
4619,frog
4620,truck
4621,dog
4622,ship
4623,bird
4624,dog
4625,dog
4626,deer
4627,dog
4628,deer
4629,dog
4630,horse
4631,bird
4632,dog
4633,plane
4634,car
4635,dog
4636,horse
4637,ship
4638,cat
4639,frog
4640,plane
4641,bird
4642,dog
4643,bird
4644,bird
4645,horse
4646,deer
4647,bird
4648,car
4649,frog
4650,ship
4651,frog
4652,ship
4653,cat
4654,bird
4655,horse
4656,dog
4657,truck
4658,horse
4659,car
4660,deer
4661,deer
4662,dog
4663,frog
4664,car
4665,horse
4666,dog
4667,plane
4668,plane
4669,frog
4670,bird
4671,ship
4672,frog
4673,frog
4674,plane
4675,cat
4676,deer
4677,horse
4678,deer
4679,ship
4680,deer
4681,car
4682,truck
4683,dog
4684,deer
4685,car
4686,deer
4687,plane
4688,cat
4689,horse
4690,car
4691,bird
4692,bird
4693,plane
4694,deer
4695,horse
4696,ship
4697,dog
4698,cat
4699,frog
4700,bird
4701,frog
4702,plane
4703,frog
4704,deer
4705,truck
4706,dog
4707,bird
4708,horse
4709,cat
4710,truck
4711,cat
4712,truck
4713,deer
4714,car
4715,frog
4716,car
4717,plane
4718,deer
4719,dog
4720,truck
4721,plane
4722,car
4723,cat
4724,truck
4725,dog
4726,truck
4727,plane
4728,truck
4729,horse
4730,bird
4731,dog
4732,deer
4733,bird
4734,frog
4735,deer
4736,ship
4737,car
4738,truck
4739,dog
4740,frog
4741,horse
4742,car
4743,ship
4744,frog
4745,plane
4746,horse
4747,frog
4748,dog
4749,car
4750,bird
4751,bird
4752,frog
4753,car
4754,bird
4755,plane
4756,car
4757,frog
4758,deer
4759,truck
4760,plane
4761,bird
4762,truck
4763,car
4764,plane
4765,bird
4766,dog
4767,car
4768,frog
4769,truck
4770,ship
4771,dog
4772,plane
4773,frog
4774,car
4775,frog
4776,bird
4777,deer
4778,dog
4779,frog
4780,car
4781,plane
4782,horse
4783,bird
4784,deer
4785,plane
4786,cat
4787,bird
4788,ship
4789,frog
4790,truck
4791,car
4792,truck
4793,deer
4794,frog
4795,bird
4796,dog
4797,truck
4798,dog
4799,deer
4800,car
4801,truck
4802,bird
4803,plane
4804,horse
4805,cat
4806,dog
4807,car
4808,ship
4809,dog
4810,plane
4811,dog
4812,plane
4813,ship
4814,ship
4815,cat
4816,truck
4817,frog
4818,plane
4819,cat
4820,dog
4821,dog
4822,deer
4823,car
4824,cat
4825,plane
4826,horse
4827,cat
4828,truck
4829,bird
4830,dog
4831,cat
4832,car
4833,bird
4834,frog
4835,deer
4836,truck
4837,truck
4838,horse
4839,car
4840,horse
4841,plane
4842,car
4843,bird
4844,car
4845,dog
4846,cat
4847,bird
4848,dog
4849,car
4850,dog
4851,car
4852,truck
4853,truck
4854,horse
4855,plane
4856,car
4857,horse
4858,frog
4859,bird
4860,frog
4861,dog
4862,truck
4863,cat
4864,car
4865,dog
4866,truck
4867,truck
4868,car
4869,bird
4870,ship
4871,ship
4872,horse
4873,truck
4874,bird
4875,truck
4876,car
4877,frog
4878,frog
4879,horse
4880,frog
4881,horse
4882,ship
4883,frog
4884,bird
4885,deer
4886,bird
4887,cat
4888,dog
4889,dog
4890,deer
4891,car
4892,frog
4893,deer
4894,car
4895,frog
4896,car
4897,horse
4898,car
4899,frog
4900,bird
4901,cat
4902,plane
4903,deer
4904,bird
4905,truck
4906,horse
4907,bird
4908,dog
4909,frog
4910,plane
4911,ship
4912,ship
4913,car
4914,car
4915,cat
4916,dog
4917,frog
4918,dog
4919,cat
4920,ship
4921,horse
4922,dog
4923,plane
4924,horse
4925,horse
4926,dog
4927,dog
4928,car
4929,truck
4930,truck
4931,car
4932,car
4933,truck
4934,horse
4935,dog
4936,dog
4937,cat
4938,plane
4939,truck
4940,plane
4941,frog
4942,frog
4943,bird
4944,bird
4945,ship
4946,truck
4947,deer
4948,dog
4949,car
4950,car
4951,bird
4952,horse
4953,car
4954,plane
4955,car
4956,bird
4957,dog
4958,deer
4959,deer
4960,horse
4961,deer
4962,ship
4963,cat
4964,dog
4965,bird
4966,deer
4967,dog
4968,horse
4969,plane
4970,car
4971,bird
4972,truck
4973,ship
4974,car
4975,horse
4976,cat
4977,dog
4978,truck
4979,car
4980,truck
4981,car
4982,car
4983,horse
4984,frog
4985,horse
4986,deer
4987,bird
4988,cat
4989,dog
4990,frog
4991,horse
4992,plane
4993,car
4994,bird
4995,horse
4996,dog
4997,dog
4998,cat
4999,dog
5000,car
5001,horse
5002,frog
5003,ship
5004,deer
5005,deer
5006,dog
5007,bird
5008,cat
5009,deer
5010,bird
5011,horse
5012,dog
5013,frog
5014,plane
5015,horse
5016,bird
5017,frog
5018,horse
5019,deer
5020,car
5021,ship
5022,plane
5023,bird
5024,bird
5025,car
5026,dog
5027,deer
5028,plane
5029,truck
5030,cat
5031,deer
5032,deer
5033,bird
5034,dog
5035,plane
5036,dog
5037,plane
5038,plane
5039,deer
5040,frog
5041,cat
5042,car
5043,bird
5044,plane
5045,dog
5046,horse
5047,dog
5048,dog
5049,car
5050,horse
5051,dog
5052,car
5053,frog
5054,horse
5055,truck
5056,plane
5057,frog
5058,bird
5059,car
5060,deer
5061,bird
5062,dog
5063,dog
5064,truck
5065,dog
5066,plane
5067,deer
5068,car
5069,bird
5070,truck
5071,horse
5072,dog
5073,frog
5074,ship
5075,plane
5076,frog
5077,dog
5078,plane
5079,ship
5080,car
5081,horse
5082,dog
5083,frog
5084,truck
5085,horse
5086,bird
5087,deer
5088,truck
5089,bird
5090,frog
5091,car
5092,plane
5093,truck
5094,plane
5095,truck
5096,ship
5097,plane
5098,plane
5099,horse
5100,bird
5101,cat
5102,dog
5103,deer
5104,deer
5105,ship
5106,horse
5107,dog
5108,truck
5109,car
5110,truck
5111,ship
5112,frog
5113,dog
5114,frog
5115,horse
5116,dog
5117,frog
5118,horse
5119,bird
5120,plane
5121,truck
5122,frog
5123,frog
5124,horse
5125,plane
5126,car
5127,plane
5128,car
5129,cat
5130,frog
5131,dog
5132,frog
5133,car
5134,bird
5135,frog
5136,car
5137,truck
5138,truck
5139,ship
5140,frog
5141,ship
5142,frog
5143,ship
5144,truck
5145,plane
5146,deer
5147,plane
5148,dog
5149,dog
5150,frog
5151,deer
5152,deer
5153,truck
5154,horse
5155,bird
5156,dog
5157,dog
5158,frog
5159,deer
5160,frog
5161,plane
5162,cat
5163,deer
5164,dog
5165,plane
5166,bird
5167,horse
5168,bird
5169,horse
5170,bird
5171,truck
5172,deer
5173,dog
5174,plane
5175,frog
5176,frog
5177,truck
5178,deer
5179,dog
5180,dog
5181,truck
5182,car
5183,car
5184,dog
5185,deer
5186,bird
5187,dog
5188,deer
5189,ship
5190,plane
5191,plane
5192,dog
5193,truck
5194,deer
5195,horse
5196,deer
5197,bird
5198,dog
5199,dog
5200,frog
5201,dog
5202,car
5203,truck
5204,cat
5205,cat
5206,plane
5207,dog
5208,ship
5209,deer
5210,horse
5211,dog
5212,horse
5213,dog
5214,bird
5215,car
5216,bird
5217,frog
5218,car
5219,bird
5220,bird
5221,plane
5222,horse
5223,dog
5224,plane
5225,plane
5226,plane
5227,car
5228,deer
5229,cat
5230,dog
5231,ship
5232,deer
5233,horse
5234,car
5235,horse
5236,frog
5237,plane
5238,deer
5239,plane
5240,dog
5241,car
5242,frog
5243,plane
5244,car
5245,bird
5246,car
5247,horse
5248,horse
5249,truck
5250,ship
5251,dog
5252,dog
5253,deer
5254,plane
5255,truck
5256,plane
5257,plane
5258,ship
5259,bird
5260,plane
5261,plane
5262,horse
5263,deer
5264,ship
5265,frog
5266,bird
5267,deer
5268,frog
5269,cat
5270,dog
5271,car
5272,dog
5273,dog
5274,horse
5275,bird
5276,bird
5277,truck
5278,plane
5279,plane
5280,plane
5281,plane
5282,cat
5283,deer
5284,deer
5285,frog
5286,car
5287,frog
5288,horse
5289,deer
5290,bird
5291,dog
5292,truck
5293,horse
5294,plane
5295,ship
5296,plane
5297,deer
5298,frog
5299,bird
5300,horse
5301,truck
5302,dog
5303,plane
5304,dog
5305,horse
5306,horse
5307,cat
5308,car
5309,truck
5310,frog
5311,bird
5312,horse
5313,dog
5314,cat
5315,horse
5316,truck
5317,deer
5318,deer
5319,car
5320,horse
5321,cat
5322,car
5323,deer
5324,car
5325,dog
5326,ship
5327,horse
5328,plane
5329,plane
5330,deer
5331,frog
5332,bird
5333,truck
5334,horse
5335,frog
5336,truck
5337,cat
5338,dog
5339,ship
5340,plane
5341,deer
5342,frog
5343,ship
5344,cat
5345,bird
5346,deer
5347,horse
5348,car
5349,car
5350,dog
5351,car
5352,horse
5353,bird
5354,car
5355,ship
5356,ship
5357,horse
5358,plane
5359,car
5360,frog
5361,truck
5362,cat
5363,bird
5364,horse
5365,horse
5366,ship
5367,car
5368,bird
5369,cat
5370,bird
5371,frog
5372,horse
5373,dog
5374,bird
5375,plane
5376,car
5377,dog
5378,dog
5379,car
5380,deer
5381,car
5382,cat
5383,plane
5384,ship
5385,frog
5386,dog
5387,car
5388,bird
5389,dog
5390,deer
5391,car
5392,truck
5393,car
5394,deer
5395,car
5396,plane
5397,car
5398,truck
5399,plane
5400,frog
5401,truck
5402,plane
5403,deer
5404,horse
5405,bird
5406,plane
5407,horse
5408,horse
5409,truck
5410,car
5411,dog
5412,bird
5413,frog
5414,dog
5415,deer
5416,deer
5417,car
5418,deer
5419,ship
5420,bird
5421,frog
5422,frog
5423,car
5424,frog
5425,dog
5426,dog
5427,dog
5428,ship
5429,deer
5430,frog
5431,horse
5432,car
5433,truck
5434,dog
5435,frog
5436,deer
5437,frog
5438,plane
5439,horse
5440,car
5441,truck
5442,dog
5443,bird
5444,frog
5445,horse
5446,horse
5447,frog
5448,dog
5449,truck
5450,car
5451,cat
5452,frog
5453,plane
5454,bird
5455,plane
5456,car
5457,car
5458,ship
5459,cat
5460,bird
5461,plane
5462,bird
5463,bird
5464,dog
5465,horse
5466,horse
5467,ship
5468,dog
5469,dog
5470,cat
5471,car
5472,frog
5473,car
5474,dog
5475,car
5476,plane
5477,frog
5478,bird
5479,cat
5480,bird
5481,car
5482,dog
5483,dog
5484,car
5485,truck
5486,ship
5487,dog
5488,bird
5489,dog
5490,horse
5491,dog
5492,plane
5493,bird
5494,frog
5495,truck
5496,deer
5497,frog
5498,cat
5499,truck
5500,frog
5501,ship
5502,frog
5503,frog
5504,ship
5505,dog
5506,deer
5507,bird
5508,frog
5509,horse
5510,horse
5511,deer
5512,frog
5513,truck
5514,frog
5515,bird
5516,deer
5517,plane
5518,car
5519,cat
5520,frog
5521,deer
5522,truck
5523,bird
5524,frog
5525,plane
5526,dog
5527,ship
5528,horse
5529,dog
5530,cat
5531,dog
5532,ship
5533,bird
5534,bird
5535,bird
5536,dog
5537,frog
5538,bird
5539,horse
5540,deer
5541,dog
5542,horse
5543,truck
5544,plane
5545,cat
5546,frog
5547,horse
5548,bird
5549,plane
5550,cat
5551,dog
5552,horse
5553,bird
5554,dog
5555,truck
5556,deer
5557,frog
5558,deer
5559,bird
5560,bird
5561,dog
5562,frog
5563,deer
5564,car
5565,frog
5566,horse
5567,car
5568,frog
5569,horse
5570,plane
5571,dog
5572,deer
5573,car
5574,truck
5575,horse
5576,cat
5577,dog
5578,bird
5579,dog
5580,truck
5581,dog
5582,dog
5583,bird
5584,plane
5585,plane
5586,bird
5587,ship
5588,plane
5589,cat
5590,bird
5591,deer
5592,dog
5593,cat
5594,horse
5595,truck
5596,frog
5597,truck
5598,ship
5599,car
5600,bird
5601,bird
5602,horse
5603,deer
5604,deer
5605,car
5606,cat
5607,horse
5608,bird
5609,truck
5610,dog
5611,ship
5612,bird
5613,ship
5614,dog
5615,ship
5616,dog
5617,frog
5618,dog
5619,plane
5620,ship
5621,dog
5622,ship
5623,car
5624,ship
5625,car
5626,dog
5627,plane
5628,truck
5629,car
5630,frog
5631,cat
5632,frog
5633,dog
5634,deer
5635,bird
5636,horse
5637,deer
5638,horse
5639,deer
5640,dog
5641,bird
5642,deer
5643,horse
5644,dog
5645,horse
5646,dog
5647,plane
5648,dog
5649,ship
5650,frog
5651,dog
5652,deer
5653,plane
5654,dog
5655,deer
5656,dog
5657,horse
5658,bird
5659,deer
5660,bird
5661,truck
5662,deer
5663,bird
5664,ship
5665,frog
5666,plane
5667,frog
5668,car
5669,horse
5670,plane
5671,deer
5672,cat
5673,ship
5674,dog
5675,ship
5676,horse
5677,frog
5678,horse
5679,frog
5680,plane
5681,bird
5682,bird
5683,bird
5684,frog
5685,horse
5686,car
5687,frog
5688,bird
5689,ship
5690,cat
5691,horse
5692,bird
5693,dog
5694,horse
5695,dog
5696,horse
5697,horse
5698,car
5699,horse
5700,deer
5701,dog
5702,cat
5703,deer
5704,plane
5705,deer
5706,bird
5707,horse
5708,plane
5709,dog
5710,bird
5711,frog
5712,frog
5713,bird
5714,dog
5715,bird
5716,frog
5717,plane
5718,cat
5719,frog
5720,dog
5721,truck
5722,plane
5723,plane
5724,car
5725,dog
5726,dog
5727,car
5728,frog
5729,horse
5730,ship
5731,deer
5732,frog
5733,horse
5734,cat
5735,frog
5736,plane
5737,dog
5738,truck
5739,bird
5740,bird
5741,frog
5742,car
5743,deer
5744,frog
5745,bird
5746,dog
5747,horse
5748,plane
5749,ship
5750,dog
5751,frog
5752,bird
5753,cat
5754,bird
5755,cat
5756,deer
5757,deer
5758,deer
5759,ship
5760,car
5761,bird
5762,frog
5763,plane
5764,truck
5765,horse
5766,truck
5767,ship
5768,horse
5769,horse
5770,cat
5771,ship
5772,bird
5773,truck
5774,cat
5775,dog
5776,horse
5777,dog
5778,ship
5779,horse
5780,frog
5781,horse
5782,plane
5783,horse
5784,car
5785,frog
5786,bird
5787,deer
5788,cat
5789,plane
5790,bird
5791,truck
5792,ship
5793,bird
5794,ship
5795,horse
5796,horse
5797,dog
5798,dog
5799,plane
5800,car
5801,bird
5802,car
5803,frog
5804,car
5805,plane
5806,car
5807,plane
5808,frog
5809,dog
5810,bird
5811,dog
5812,horse
5813,cat
5814,deer
5815,plane
5816,dog
5817,dog
5818,dog
5819,horse
5820,bird
5821,dog
5822,bird
5823,cat
5824,dog
5825,horse
5826,dog
5827,bird
5828,bird
5829,dog
5830,deer
5831,dog
5832,bird
5833,dog
5834,dog
5835,dog
5836,bird
5837,ship
5838,bird
5839,car
5840,bird
5841,bird
5842,frog
5843,horse
5844,frog
5845,plane
5846,dog
5847,dog
5848,ship
5849,horse
5850,dog
5851,bird
5852,car
5853,cat
5854,dog
5855,deer
5856,bird
5857,dog
5858,plane
5859,horse
5860,bird
5861,plane
5862,car
5863,bird
5864,deer
5865,car
5866,frog
5867,deer
5868,dog
5869,truck
5870,horse
5871,horse
5872,bird
5873,deer
5874,deer
5875,cat
5876,car
5877,frog
5878,truck
5879,deer
5880,ship
5881,plane
5882,dog
5883,truck
5884,deer
5885,deer
5886,deer
5887,bird
5888,car
5889,deer
5890,frog
5891,dog
5892,plane
5893,ship
5894,truck
5895,horse
5896,frog
5897,truck
5898,deer
5899,frog
5900,car
5901,bird
5902,dog
5903,truck
5904,plane
5905,horse
5906,car
5907,deer
5908,dog
5909,bird
5910,car
5911,cat
5912,frog
5913,deer
5914,horse
5915,car
5916,dog
5917,truck
5918,bird
5919,car
5920,deer
5921,frog
5922,horse
5923,horse
5924,car
5925,bird
5926,horse
5927,deer
5928,frog
5929,horse
5930,horse
5931,bird
5932,deer
5933,deer
5934,deer
5935,cat
5936,frog
5937,frog
5938,car
5939,truck
5940,truck
5941,bird
5942,truck
5943,deer
5944,dog
5945,bird
5946,truck
5947,ship
5948,dog
5949,plane
5950,frog
5951,truck
5952,plane
5953,truck
5954,horse
5955,ship
5956,dog
5957,deer
5958,deer
5959,truck
5960,deer
5961,frog
5962,frog
5963,frog
5964,truck
5965,truck
5966,horse
5967,truck
5968,truck
5969,plane
5970,dog
5971,car
5972,car
5973,plane
5974,frog
5975,truck
5976,truck
5977,dog
5978,frog
5979,dog
5980,frog
5981,truck
5982,bird
5983,truck
5984,deer
5985,dog
5986,deer
5987,horse
5988,bird
5989,truck
5990,ship
5991,ship
5992,dog
5993,horse
5994,ship
5995,horse
5996,plane
5997,deer
5998,plane
5999,horse
6000,deer
6001,ship
6002,truck
6003,bird
6004,plane
6005,horse
6006,deer
6007,plane
6008,frog
6009,bird
6010,dog
6011,frog
6012,horse
6013,bird
6014,frog
6015,deer
6016,plane
6017,deer
6018,truck
6019,dog
6020,frog
6021,frog
6022,cat
6023,plane
6024,cat
6025,bird
6026,deer
6027,cat
6028,bird
6029,bird
6030,plane
6031,ship
6032,dog
6033,deer
6034,deer
6035,truck
6036,dog
6037,plane
6038,dog
6039,deer
6040,ship
6041,dog
6042,car
6043,frog
6044,dog
6045,deer
6046,ship
6047,bird
6048,plane
6049,car
6050,ship
6051,deer
6052,horse
6053,ship
6054,deer
6055,cat
6056,plane
6057,deer
6058,plane
6059,car
6060,truck
6061,bird
6062,plane
6063,dog
6064,deer
6065,dog
6066,deer
6067,bird
6068,ship
6069,cat
6070,plane
6071,truck
6072,deer
6073,dog
6074,bird
6075,deer
6076,frog
6077,dog
6078,bird
6079,bird
6080,dog
6081,car
6082,plane
6083,plane
6084,frog
6085,car
6086,bird
6087,car
6088,deer
6089,frog
6090,horse
6091,car
6092,plane
6093,dog
6094,bird
6095,dog
6096,truck
6097,bird
6098,dog
6099,frog
6100,horse
6101,car
6102,truck
6103,truck
6104,frog
6105,car
6106,plane
6107,bird
6108,truck
6109,deer
6110,bird
6111,truck
6112,bird
6113,ship
6114,bird
6115,truck
6116,ship
6117,deer
6118,car
6119,plane
6120,car
6121,dog
6122,bird
6123,dog
6124,frog
6125,cat
6126,truck
6127,dog
6128,dog
6129,plane
6130,deer
6131,car
6132,frog
6133,horse
6134,plane
6135,frog
6136,bird
6137,truck
6138,deer
6139,plane
6140,truck
6141,truck
6142,plane
6143,horse
6144,truck
6145,horse
6146,cat
6147,plane
6148,truck
6149,deer
6150,horse
6151,car
6152,frog
6153,frog
6154,horse
6155,deer
6156,ship
6157,truck
6158,bird
6159,horse
6160,car
6161,bird
6162,deer
6163,horse
6164,cat
6165,bird
6166,dog
6167,car
6168,truck
6169,dog
6170,deer
6171,bird
6172,deer
6173,car
6174,car
6175,dog
6176,cat
6177,truck
6178,dog
6179,dog
6180,ship
6181,plane
6182,ship
6183,car
6184,dog
6185,car
6186,dog
6187,truck
6188,plane
6189,truck
6190,bird
6191,bird
6192,plane
6193,frog
6194,truck
6195,car
6196,car
6197,bird
6198,deer
6199,truck
6200,dog
6201,bird
6202,cat
6203,bird
6204,horse
6205,horse
6206,car
6207,dog
6208,truck
6209,ship
6210,horse
6211,deer
6212,ship
6213,horse
6214,deer
6215,dog
6216,bird
6217,dog
6218,ship
6219,frog
6220,horse
6221,bird
6222,plane
6223,plane
6224,horse
6225,dog
6226,frog
6227,dog
6228,horse
6229,horse
6230,frog
6231,bird
6232,ship
6233,bird
6234,horse
6235,horse
6236,frog
6237,car
6238,dog
6239,ship
6240,frog
6241,bird
6242,plane
6243,plane
6244,deer
6245,ship
6246,frog
6247,deer
6248,plane
6249,bird
6250,dog
6251,deer
6252,truck
6253,bird
6254,deer
6255,deer
6256,frog
6257,truck
6258,bird
6259,plane
6260,dog
6261,bird
6262,plane
6263,ship
6264,bird
6265,bird
6266,deer
6267,horse
6268,truck
6269,dog
6270,horse
6271,bird
6272,frog
6273,bird
6274,car
6275,truck
6276,truck
6277,horse
6278,bird
6279,dog
6280,car
6281,ship
6282,car
6283,frog
6284,cat
6285,plane
6286,plane
6287,ship
6288,dog
6289,frog
6290,truck
6291,truck
6292,truck
6293,bird
6294,cat
6295,plane
6296,ship
6297,ship
6298,dog
6299,dog
6300,bird
6301,car
6302,car
6303,plane
6304,horse
6305,plane
6306,dog
6307,plane
6308,deer
6309,deer
6310,frog
6311,dog
6312,cat
6313,bird
6314,truck
6315,frog
6316,dog
6317,horse
6318,truck
6319,horse
6320,horse
6321,plane
6322,ship
6323,horse
6324,bird
6325,horse
6326,horse
6327,horse
6328,deer
6329,plane
6330,ship
6331,frog
6332,plane
6333,dog
6334,cat
6335,bird
6336,bird
6337,deer
6338,truck
6339,horse
6340,frog
6341,cat
6342,bird
6343,ship
6344,ship
6345,dog
6346,dog
6347,ship
6348,plane
6349,ship
6350,bird
6351,plane
6352,plane
6353,bird
6354,bird
6355,truck
6356,plane
6357,horse
6358,horse
6359,horse
6360,bird
6361,bird
6362,plane
6363,deer
6364,plane
6365,cat
6366,horse
6367,ship
6368,deer
6369,horse
6370,truck
6371,dog
6372,horse
6373,car
6374,frog
6375,truck
6376,cat
6377,ship
6378,truck
6379,dog
6380,ship
6381,bird
6382,car
6383,dog
6384,dog
6385,deer
6386,dog
6387,dog
6388,deer
6389,horse
6390,bird
6391,horse
6392,truck
6393,frog
6394,dog
6395,plane
6396,ship
6397,deer
6398,dog
6399,dog
6400,car
6401,plane
6402,deer
6403,plane
6404,deer
6405,horse
6406,car
6407,horse
6408,bird
6409,plane
6410,truck
6411,car
6412,ship
6413,plane
6414,frog
6415,ship
6416,car
6417,horse
6418,car
6419,plane
6420,ship
6421,horse
6422,bird
6423,deer
6424,deer
6425,ship
6426,bird
6427,car
6428,bird
6429,cat
6430,ship
6431,car
6432,car
6433,ship
6434,ship
6435,plane
6436,truck
6437,ship
6438,plane
6439,bird
6440,deer
6441,cat
6442,dog
6443,frog
6444,bird
6445,cat
6446,car
6447,bird
6448,deer
6449,horse
6450,ship
6451,plane
6452,car
6453,dog
6454,ship
6455,deer
6456,frog
6457,bird
6458,bird
6459,bird
6460,frog
6461,cat
6462,deer
6463,plane
6464,ship
6465,car
6466,dog
6467,dog
6468,cat
6469,ship
6470,truck
6471,car
6472,frog
6473,car
6474,truck
6475,ship
6476,bird
6477,plane
6478,dog
6479,horse
6480,deer
6481,plane
6482,bird
6483,horse
6484,frog
6485,ship
6486,truck
6487,ship
6488,frog
6489,bird
6490,ship
6491,plane
6492,bird
6493,car
6494,car
6495,plane
6496,horse
6497,horse
6498,bird
6499,deer
6500,horse
6501,horse
6502,bird
6503,frog
6504,frog
6505,horse
6506,deer
6507,dog
6508,bird
6509,plane
6510,truck
6511,dog
6512,horse
6513,bird
6514,horse
6515,bird
6516,bird
6517,bird
6518,horse
6519,frog
6520,bird
6521,frog
6522,deer
6523,car
6524,frog
6525,ship
6526,dog
6527,ship
6528,dog
6529,dog
6530,bird
6531,dog
6532,deer
6533,dog
6534,dog
6535,horse
6536,horse
6537,car
6538,dog
6539,cat
6540,horse
6541,ship
6542,ship
6543,truck
6544,cat
6545,plane
6546,plane
6547,bird
6548,frog
6549,plane
6550,ship
6551,car
6552,deer
6553,car
6554,bird
6555,dog
6556,car
6557,bird
6558,truck
6559,frog
6560,bird
6561,frog
6562,truck
6563,dog
6564,frog
6565,dog
6566,truck
6567,car
6568,deer
6569,bird
6570,ship
6571,truck
6572,dog
6573,deer
6574,horse
6575,plane
6576,cat
6577,horse
6578,dog
6579,dog
6580,truck
6581,car
6582,truck
6583,deer
6584,plane
6585,dog
6586,car
6587,frog
6588,dog
6589,plane
6590,bird
6591,horse
6592,dog
6593,dog
6594,bird
6595,ship
6596,plane
6597,bird
6598,car
6599,bird
6600,frog
6601,horse
6602,plane
6603,ship
6604,truck
6605,bird
6606,frog
6607,deer
6608,horse
6609,dog
6610,dog
6611,ship
6612,ship
6613,horse
6614,ship
6615,bird
6616,horse
6617,deer
6618,deer
6619,plane
6620,plane
6621,horse
6622,plane
6623,deer
6624,plane
6625,deer
6626,deer
6627,bird
6628,frog
6629,deer
6630,plane
6631,horse
6632,bird
6633,horse
6634,plane
6635,dog
6636,cat
6637,bird
6638,bird
6639,car
6640,car
6641,deer
6642,bird
6643,truck
6644,car
6645,plane
6646,bird
6647,dog
6648,dog
6649,plane
6650,truck
6651,plane
6652,frog
6653,bird
6654,bird
6655,deer
6656,car
6657,frog
6658,horse
6659,frog
6660,car
6661,plane
6662,deer
6663,frog
6664,plane
6665,deer
6666,horse
6667,deer
6668,horse
6669,frog
6670,deer
6671,cat
6672,dog
6673,truck
6674,deer
6675,dog
6676,bird
6677,plane
6678,dog
6679,bird
6680,deer
6681,cat
6682,truck
6683,deer
6684,dog
6685,plane
6686,car
6687,truck
6688,bird
6689,bird
6690,ship
6691,bird
6692,ship
6693,frog
6694,frog
6695,cat
6696,deer
6697,plane
6698,dog
6699,dog
6700,bird
6701,frog
6702,car
6703,ship
6704,deer
6705,car
6706,deer
6707,dog
6708,bird
6709,bird
6710,cat
6711,dog
6712,dog
6713,plane
6714,bird
6715,car
6716,bird
6717,ship
6718,plane
6719,ship
6720,bird
6721,bird
6722,horse
6723,dog
6724,horse
6725,truck
6726,ship
6727,bird
6728,frog
6729,car
6730,cat
6731,bird
6732,frog
6733,deer
6734,dog
6735,ship
6736,truck
6737,deer
6738,plane
6739,plane
6740,plane
6741,bird
6742,plane
6743,car
6744,ship
6745,cat
6746,horse
6747,bird
6748,ship
6749,bird
6750,truck
6751,dog
6752,ship
6753,truck
6754,frog
6755,ship
6756,truck
6757,dog
6758,deer
6759,ship
6760,car
6761,dog
6762,dog
6763,horse
6764,bird
6765,horse
6766,ship
6767,ship
6768,car
6769,bird
6770,cat
6771,car
6772,dog
6773,plane
6774,bird
6775,horse
6776,plane
6777,ship
6778,bird
6779,bird
6780,car
6781,horse
6782,frog
6783,dog
6784,frog
6785,truck
6786,cat
6787,bird
6788,dog
6789,car
6790,car
6791,bird
6792,horse
6793,dog
6794,cat
6795,ship
6796,cat
6797,frog
6798,plane
6799,ship
6800,bird
6801,bird
6802,frog
6803,horse
6804,frog
6805,truck
6806,car
6807,car
6808,horse
6809,plane
6810,frog
6811,ship
6812,truck
6813,plane
6814,frog
6815,car
6816,plane
6817,car
6818,car
6819,horse
6820,bird
6821,car
6822,plane
6823,bird
6824,dog
6825,plane
6826,cat
6827,frog
6828,cat
6829,cat
6830,ship
6831,car
6832,ship
6833,car
6834,frog
6835,car
6836,dog
6837,horse
6838,dog
6839,car
6840,bird
6841,car
6842,car
6843,plane
6844,car
6845,horse
6846,dog
6847,truck
6848,ship
6849,truck
6850,bird
6851,frog
6852,plane
6853,ship
6854,dog
6855,bird
6856,deer
6857,frog
6858,bird
6859,car
6860,dog
6861,plane
6862,plane
6863,dog
6864,frog
6865,plane
6866,bird
6867,deer
6868,frog
6869,truck
6870,dog
6871,horse
6872,car
6873,plane
6874,deer
6875,frog
6876,dog
6877,bird
6878,ship
6879,dog
6880,truck
6881,bird
6882,deer
6883,truck
6884,horse
6885,plane
6886,plane
6887,car
6888,deer
6889,deer
6890,dog
6891,dog
6892,truck
6893,frog
6894,cat
6895,frog
6896,bird
6897,frog
6898,ship
6899,dog
6900,bird
6901,cat
6902,horse
6903,deer
6904,truck
6905,dog
6906,bird
6907,car
6908,frog
6909,frog
6910,deer
6911,horse
6912,frog
6913,dog
6914,frog
6915,bird
6916,car
6917,deer
6918,frog
6919,deer
6920,deer
6921,bird
6922,frog
6923,frog
6924,plane
6925,dog
6926,bird
6927,horse
6928,dog
6929,bird
6930,dog
6931,plane
6932,dog
6933,truck
6934,horse
6935,frog
6936,horse
6937,truck
6938,ship
6939,dog
6940,bird
6941,car
6942,deer
6943,bird
6944,deer
6945,dog
6946,dog
6947,frog
6948,ship
6949,deer
6950,plane
6951,ship
6952,truck
6953,bird
6954,plane
6955,plane
6956,horse
6957,frog
6958,bird
6959,plane
6960,bird
6961,truck
6962,frog
6963,dog
6964,truck
6965,dog
6966,frog
6967,plane
6968,deer
6969,plane
6970,frog
6971,plane
6972,truck
6973,car
6974,dog
6975,truck
6976,ship
6977,cat
6978,horse
6979,deer
6980,deer
6981,plane
6982,bird
6983,car
6984,truck
6985,car
6986,ship
6987,dog
6988,ship
6989,deer
6990,horse
6991,cat
6992,car
6993,bird
6994,dog
6995,deer
6996,car
6997,plane
6998,dog
6999,ship
7000,ship
7001,ship
7002,car
7003,dog
7004,horse
7005,dog
7006,ship
7007,frog
7008,car
7009,car
7010,frog
7011,plane
7012,horse
7013,horse
7014,car
7015,cat
7016,dog
7017,dog
7018,car
7019,plane
7020,bird
7021,horse
7022,truck
7023,bird
7024,bird
7025,truck
7026,frog
7027,cat
7028,dog
7029,truck
7030,deer
7031,deer
7032,plane
7033,deer
7034,ship
7035,plane
7036,truck
7037,bird
7038,dog
7039,bird
7040,deer
7041,plane
7042,plane
7043,ship
7044,frog
7045,bird
7046,cat
7047,truck
7048,ship
7049,bird
7050,bird
7051,ship
7052,cat
7053,car
7054,car
7055,bird
7056,bird
7057,bird
7058,frog
7059,truck
7060,deer
7061,ship
7062,deer
7063,deer
7064,frog
7065,dog
7066,bird
7067,frog
7068,truck
7069,plane
7070,plane
7071,horse
7072,car
7073,ship
7074,truck
7075,cat
7076,truck
7077,truck
7078,plane
7079,horse
7080,horse
7081,dog
7082,deer
7083,bird
7084,frog
7085,deer
7086,dog
7087,horse
7088,dog
7089,ship
7090,horse
7091,bird
7092,frog
7093,bird
7094,deer
7095,deer
7096,deer
7097,plane
7098,horse
7099,car
7100,dog
7101,cat
7102,frog
7103,plane
7104,plane
7105,bird
7106,plane
7107,ship
7108,deer
7109,bird
7110,deer
7111,dog
7112,dog
7113,plane
7114,truck
7115,car
7116,plane
7117,plane
7118,frog
7119,dog
7120,truck
7121,horse
7122,truck
7123,truck
7124,frog
7125,bird
7126,dog
7127,cat
7128,dog
7129,horse
7130,car
7131,frog
7132,frog
7133,deer
7134,car
7135,deer
7136,deer
7137,car
7138,dog
7139,plane
7140,plane
7141,deer
7142,dog
7143,ship
7144,bird
7145,ship
7146,dog
7147,plane
7148,bird
7149,plane
7150,dog
7151,frog
7152,car
7153,bird
7154,horse
7155,plane
7156,truck
7157,car
7158,dog
7159,horse
7160,frog
7161,dog
7162,dog
7163,dog
7164,frog
7165,plane
7166,plane
7167,car
7168,horse
7169,cat
7170,car
7171,truck
7172,bird
7173,deer
7174,frog
7175,frog
7176,horse
7177,cat
7178,deer
7179,plane
7180,truck
7181,frog
7182,frog
7183,plane
7184,dog
7185,dog
7186,ship
7187,bird
7188,horse
7189,deer
7190,plane
7191,bird
7192,horse
7193,horse
7194,ship
7195,ship
7196,bird
7197,plane
7198,deer
7199,truck
7200,car
7201,bird
7202,bird
7203,dog
7204,dog
7205,deer
7206,frog
7207,bird
7208,bird
7209,car
7210,plane
7211,cat
7212,cat
7213,bird
7214,bird
7215,dog
7216,car
7217,bird
7218,deer
7219,truck
7220,horse
7221,truck
7222,dog
7223,ship
7224,horse
7225,car
7226,car
7227,horse
7228,horse
7229,cat
7230,bird
7231,bird
7232,plane
7233,car
7234,dog
7235,truck
7236,frog
7237,car
7238,horse
7239,bird
7240,deer
7241,plane
7242,dog
7243,horse
7244,car
7245,dog
7246,deer
7247,bird
7248,ship
7249,deer
7250,truck
7251,ship
7252,horse
7253,ship
7254,deer
7255,bird
7256,cat
7257,deer
7258,plane
7259,dog
7260,deer
7261,car
7262,deer
7263,bird
7264,dog
7265,deer
7266,dog
7267,bird
7268,dog
7269,cat
7270,horse
7271,truck
7272,horse
7273,car
7274,deer
7275,car
7276,bird
7277,car
7278,deer
7279,dog
7280,dog
7281,dog
7282,horse
7283,car
7284,deer
7285,plane
7286,truck
7287,bird
7288,bird
7289,horse
7290,plane
7291,frog
7292,cat
7293,dog
7294,horse
7295,dog
7296,dog
7297,ship
7298,truck
7299,deer
7300,frog
7301,dog
7302,frog
7303,frog
7304,ship
7305,bird
7306,frog
7307,deer
7308,ship
7309,deer
7310,car
7311,dog
7312,car
7313,bird
7314,cat
7315,bird
7316,plane
7317,car
7318,frog
7319,bird
7320,bird
7321,plane
7322,bird
7323,deer
7324,deer
7325,car
7326,deer
7327,deer
7328,deer
7329,deer
7330,car
7331,dog
7332,dog
7333,horse
7334,frog
7335,dog
7336,deer
7337,dog
7338,frog
7339,dog
7340,frog
7341,bird
7342,deer
7343,horse
7344,horse
7345,deer
7346,frog
7347,dog
7348,plane
7349,bird
7350,cat
7351,truck
7352,car
7353,cat
7354,ship
7355,plane
7356,horse
7357,plane
7358,frog
7359,ship
7360,car
7361,dog
7362,ship
7363,truck
7364,car
7365,dog
7366,deer
7367,bird
7368,dog
7369,dog
7370,dog
7371,bird
7372,frog
7373,dog
7374,plane
7375,cat
7376,plane
7377,car
7378,cat
7379,dog
7380,horse
7381,horse
7382,deer
7383,truck
7384,deer
7385,dog
7386,truck
7387,dog
7388,car
7389,horse
7390,frog
7391,frog
7392,deer
7393,ship
7394,deer
7395,car
7396,bird
7397,ship
7398,frog
7399,bird
7400,dog
7401,dog
7402,cat
7403,plane
7404,bird
7405,ship
7406,horse
7407,bird
7408,truck
7409,dog
7410,ship
7411,deer
7412,dog
7413,truck
7414,frog
7415,plane
7416,bird
7417,cat
7418,frog
7419,ship
7420,plane
7421,bird
7422,dog
7423,deer
7424,frog
7425,truck
7426,bird
7427,horse
7428,bird
7429,plane
7430,horse
7431,bird
7432,truck
7433,horse
7434,dog
7435,plane
7436,horse
7437,ship
7438,dog
7439,dog
7440,dog
7441,cat
7442,ship
7443,horse
7444,dog
7445,car
7446,dog
7447,horse
7448,ship
7449,car
7450,frog
7451,car
7452,car
7453,deer
7454,horse
7455,plane
7456,truck
7457,deer
7458,frog
7459,dog
7460,ship
7461,dog
7462,truck
7463,ship
7464,bird
7465,ship
7466,ship
7467,frog
7468,frog
7469,ship
7470,frog
7471,truck
7472,dog
7473,car
7474,car
7475,dog
7476,dog
7477,dog
7478,plane
7479,horse
7480,frog
7481,car
7482,deer
7483,deer
7484,car
7485,car
7486,ship
7487,car
7488,car
7489,bird
7490,dog
7491,deer
7492,horse
7493,truck
7494,dog
7495,bird
7496,horse
7497,dog
7498,dog
7499,frog
7500,car
7501,frog
7502,truck
7503,dog
7504,ship
7505,frog
7506,horse
7507,deer
7508,horse
7509,bird
7510,dog
7511,ship
7512,plane
7513,truck
7514,truck
7515,horse
7516,ship
7517,car
7518,bird
7519,deer
7520,bird
7521,deer
7522,bird
7523,truck
7524,plane
7525,deer
7526,ship
7527,truck
7528,frog
7529,dog
7530,dog
7531,bird
7532,deer
7533,car
7534,plane
7535,frog
7536,car
7537,ship
7538,deer
7539,dog
7540,bird
7541,dog
7542,plane
7543,ship
7544,truck
7545,plane
7546,bird
7547,horse
7548,truck
7549,frog
7550,dog
7551,deer
7552,frog
7553,deer
7554,truck
7555,horse
7556,car
7557,bird
7558,dog
7559,bird
7560,car
7561,plane
7562,deer
7563,frog
7564,truck
7565,ship
7566,car
7567,truck
7568,horse
7569,horse
7570,frog
7571,car
7572,frog
7573,car
7574,truck
7575,cat
7576,ship
7577,ship
7578,car
7579,truck
7580,dog
7581,plane
7582,truck
7583,dog
7584,car
7585,car
7586,frog
7587,dog
7588,horse
7589,bird
7590,frog
7591,deer
7592,frog
7593,truck
7594,frog
7595,plane
7596,car
7597,dog
7598,truck
7599,dog
7600,ship
7601,bird
7602,ship
7603,bird
7604,truck
7605,car
7606,bird
7607,frog
7608,plane
7609,dog
7610,plane
7611,horse
7612,horse
7613,horse
7614,truck
7615,deer
7616,dog
7617,plane
7618,plane
7619,cat
7620,dog
7621,dog
7622,ship
7623,truck
7624,car
7625,bird
7626,horse
7627,car
7628,dog
7629,bird
7630,frog
7631,truck
7632,car
7633,horse
7634,horse
7635,car
7636,truck
7637,dog
7638,ship
7639,ship
7640,truck
7641,car
7642,horse
7643,truck
7644,ship
7645,horse
7646,plane
7647,bird
7648,frog
7649,plane
7650,bird
7651,bird
7652,deer
7653,plane
7654,ship
7655,deer
7656,ship
7657,car
7658,horse
7659,horse
7660,bird
7661,horse
7662,truck
7663,dog
7664,bird
7665,bird
7666,truck
7667,deer
7668,frog
7669,bird
7670,horse
7671,bird
7672,dog
7673,frog
7674,dog
7675,truck
7676,cat
7677,bird
7678,frog
7679,ship
7680,frog
7681,dog
7682,plane
7683,ship
7684,plane
7685,plane
7686,car
7687,truck
7688,bird
7689,ship
7690,plane
7691,frog
7692,frog
7693,plane
7694,horse
7695,truck
7696,ship
7697,plane
7698,horse
7699,plane
7700,truck
7701,frog
7702,plane
7703,deer
7704,horse
7705,car
7706,horse
7707,ship
7708,ship
7709,deer
7710,dog
7711,truck
7712,deer
7713,dog
7714,dog
7715,cat
7716,car
7717,dog
7718,dog
7719,plane
7720,bird
7721,dog
7722,bird
7723,horse
7724,bird
7725,ship
7726,deer
7727,deer
7728,frog
7729,car
7730,truck
7731,dog
7732,car
7733,horse
7734,plane
7735,cat
7736,plane
7737,cat
7738,plane
7739,bird
7740,truck
7741,deer
7742,cat
7743,plane
7744,cat
7745,dog
7746,horse
7747,plane
7748,cat
7749,plane
7750,car
7751,bird
7752,horse
7753,truck
7754,truck
7755,plane
7756,horse
7757,dog
7758,frog
7759,horse
7760,car
7761,bird
7762,dog
7763,horse
7764,bird
7765,frog
7766,ship
7767,deer
7768,truck
7769,ship
7770,deer
7771,truck
7772,bird
7773,cat
7774,deer
7775,plane
7776,bird
7777,dog
7778,frog
7779,frog
7780,dog
7781,cat
7782,dog
7783,ship
7784,dog
7785,deer
7786,deer
7787,truck
7788,dog
7789,frog
7790,dog
7791,ship
7792,frog
7793,car
7794,ship
7795,dog
7796,dog
7797,ship
7798,cat
7799,dog
7800,truck
7801,plane
7802,deer
7803,bird
7804,plane
7805,dog
7806,truck
7807,car
7808,cat
7809,ship
7810,deer
7811,frog
7812,plane
7813,bird
7814,dog
7815,horse
7816,car
7817,deer
7818,frog
7819,truck
7820,car
7821,dog
7822,plane
7823,deer
7824,horse
7825,car
7826,cat
7827,truck
7828,dog
7829,dog
7830,plane
7831,dog
7832,bird
7833,ship
7834,ship
7835,dog
7836,plane
7837,plane
7838,horse
7839,plane
7840,deer
7841,car
7842,frog
7843,dog
7844,bird
7845,truck
7846,bird
7847,dog
7848,horse
7849,deer
7850,bird
7851,plane
7852,plane
7853,horse
7854,bird
7855,cat
7856,bird
7857,frog
7858,deer
7859,bird
7860,horse
7861,ship
7862,dog
7863,dog
7864,plane
7865,car
7866,cat
7867,frog
7868,deer
7869,ship
7870,plane
7871,frog
7872,plane
7873,truck
7874,car
7875,frog
7876,bird
7877,car
7878,dog
7879,car
7880,cat
7881,plane
7882,deer
7883,horse
7884,truck
7885,truck
7886,bird
7887,horse
7888,horse
7889,horse
7890,car
7891,frog
7892,frog
7893,truck
7894,ship
7895,car
7896,deer
7897,deer
7898,bird
7899,car
7900,horse
7901,bird
7902,car
7903,bird
7904,car
7905,car
7906,cat
7907,deer
7908,frog
7909,truck
7910,ship
7911,cat
7912,bird
7913,bird
7914,ship
7915,horse
7916,dog
7917,bird
7918,frog
7919,dog
7920,frog
7921,bird
7922,horse
7923,ship
7924,truck
7925,dog
7926,plane
7927,dog
7928,horse
7929,bird
7930,plane
7931,bird
7932,bird
7933,truck
7934,bird
7935,ship
7936,horse
7937,car
7938,car
7939,bird
7940,bird
7941,bird
7942,dog
7943,truck
7944,car
7945,bird
7946,frog
7947,car
7948,bird
7949,car
7950,ship
7951,truck
7952,bird
7953,cat
7954,car
7955,truck
7956,truck
7957,deer
7958,deer
7959,cat
7960,plane
7961,plane
7962,bird
7963,dog
7964,horse
7965,car
7966,horse
7967,horse
7968,dog
7969,ship
7970,frog
7971,dog
7972,dog
7973,dog
7974,car
7975,frog
7976,bird
7977,horse
7978,ship
7979,deer
7980,dog
7981,cat
7982,dog
7983,truck
7984,ship
7985,ship
7986,dog
7987,car
7988,plane
7989,frog
7990,horse
7991,plane
7992,truck
7993,frog
7994,plane
7995,plane
7996,ship
7997,horse
7998,car
7999,bird
8000,frog
8001,truck
8002,car
8003,frog
8004,dog
8005,horse
8006,car
8007,horse
8008,frog
8009,plane
8010,cat
8011,bird
8012,deer
8013,cat
8014,ship
8015,bird
8016,plane
8017,deer
8018,plane
8019,ship
8020,cat
8021,dog
8022,car
8023,bird
8024,dog
8025,plane
8026,dog
8027,plane
8028,deer
8029,car
8030,horse
8031,bird
8032,plane
8033,car
8034,dog
8035,car
8036,car
8037,frog
8038,car
8039,frog
8040,car
8041,bird
8042,cat
8043,horse
8044,bird
8045,truck
8046,dog
8047,cat
8048,plane
8049,plane
8050,car
8051,horse
8052,truck
8053,horse
8054,car
8055,truck
8056,bird
8057,car
8058,truck
8059,deer
8060,bird
8061,frog
8062,plane
8063,bird
8064,plane
8065,plane
8066,truck
8067,dog
8068,ship
8069,truck
8070,deer
8071,dog
8072,cat
8073,dog
8074,plane
8075,horse
8076,ship
8077,horse
8078,dog
8079,horse
8080,cat
8081,deer
8082,frog
8083,dog
8084,truck
8085,cat
8086,bird
8087,ship
8088,dog
8089,horse
8090,truck
8091,frog
8092,horse
8093,plane
8094,horse
8095,car
8096,bird
8097,cat
8098,car
8099,car
8100,dog
8101,bird
8102,ship
8103,dog
8104,horse
8105,horse
8106,plane
8107,ship
8108,car
8109,dog
8110,bird
8111,dog
8112,dog
8113,cat
8114,frog
8115,cat
8116,dog
8117,truck
8118,ship
8119,deer
8120,frog
8121,truck
8122,plane
8123,bird
8124,car
8125,horse
8126,ship
8127,plane
8128,car
8129,bird
8130,bird
8131,frog
8132,dog
8133,ship
8134,ship
8135,frog
8136,cat
8137,bird
8138,plane
8139,car
8140,car
8141,dog
8142,cat
8143,horse
8144,truck
8145,truck
8146,truck
8147,ship
8148,dog
8149,truck
8150,truck
8151,frog
8152,ship
8153,ship
8154,cat
8155,ship
8156,car
8157,bird
8158,car
8159,ship
8160,ship
8161,frog
8162,dog
8163,truck
8164,plane
8165,frog
8166,car
8167,dog
8168,frog
8169,frog
8170,bird
8171,dog
8172,frog
8173,dog
8174,dog
8175,cat
8176,cat
8177,frog
8178,ship
8179,truck
8180,deer
8181,deer
8182,cat
8183,ship
8184,dog
8185,frog
8186,plane
8187,ship
8188,dog
8189,horse
8190,ship
8191,deer
8192,deer
8193,dog
8194,dog
8195,car
8196,ship
8197,dog
8198,plane
8199,deer
8200,deer
8201,dog
8202,dog
8203,horse
8204,cat
8205,cat
8206,bird
8207,horse
8208,horse
8209,ship
8210,deer
8211,plane
8212,dog
8213,frog
8214,frog
8215,car
8216,car
8217,dog
8218,truck
8219,truck
8220,frog
8221,truck
8222,horse
8223,car
8224,ship
8225,cat
8226,plane
8227,cat
8228,horse
8229,ship
8230,bird
8231,plane
8232,dog
8233,bird
8234,deer
8235,ship
8236,horse
8237,cat
8238,horse
8239,car
8240,ship
8241,horse
8242,frog
8243,bird
8244,deer
8245,deer
8246,dog
8247,ship
8248,frog
8249,car
8250,car
8251,frog
8252,cat
8253,bird
8254,bird
8255,ship
8256,truck
8257,ship
8258,dog
8259,cat
8260,ship
8261,car
8262,ship
8263,plane
8264,dog
8265,bird
8266,plane
8267,dog
8268,plane
8269,bird
8270,bird
8271,frog
8272,dog
8273,car
8274,frog
8275,frog
8276,dog
8277,plane
8278,deer
8279,ship
8280,cat
8281,deer
8282,dog
8283,car
8284,car
8285,bird
8286,truck
8287,dog
8288,ship
8289,dog
8290,horse
8291,ship
8292,deer
8293,truck
8294,plane
8295,ship
8296,plane
8297,bird
8298,car
8299,bird
8300,cat
8301,dog
8302,dog
8303,cat
8304,ship
8305,truck
8306,deer
8307,frog
8308,deer
8309,dog
8310,deer
8311,cat
8312,ship
8313,truck
8314,frog
8315,frog
8316,frog
8317,dog
8318,bird
8319,bird
8320,horse
8321,horse
8322,deer
8323,deer
8324,truck
8325,dog
8326,deer
8327,dog
8328,horse
8329,horse
8330,ship
8331,dog
8332,bird
8333,truck
8334,dog
8335,frog
8336,dog
8337,cat
8338,cat
8339,cat
8340,ship
8341,dog
8342,frog
8343,car
8344,cat
8345,horse
8346,truck
8347,dog
8348,car
8349,frog
8350,horse
8351,horse
8352,bird
8353,dog
8354,horse
8355,deer
8356,truck
8357,car
8358,frog
8359,plane
8360,bird
8361,horse
8362,cat
8363,horse
8364,cat
8365,truck
8366,frog
8367,car
8368,frog
8369,frog
8370,deer
8371,frog
8372,bird
8373,dog
8374,ship
8375,deer
8376,deer
8377,horse
8378,ship
8379,dog
8380,ship
8381,truck
8382,deer
8383,cat
8384,bird
8385,bird
8386,ship
8387,cat
8388,ship
8389,car
8390,car
8391,car
8392,car
8393,frog
8394,ship
8395,horse
8396,car
8397,dog
8398,plane
8399,deer
8400,dog
8401,plane
8402,dog
8403,plane
8404,frog
8405,bird
8406,bird
8407,truck
8408,ship
8409,bird
8410,ship
8411,dog
8412,ship
8413,deer
8414,bird
8415,frog
8416,plane
8417,frog
8418,car
8419,ship
8420,horse
8421,frog
8422,bird
8423,bird
8424,frog
8425,dog
8426,deer
8427,truck
8428,bird
8429,dog
8430,deer
8431,truck
8432,plane
8433,dog
8434,cat
8435,truck
8436,truck
8437,dog
8438,horse
8439,car
8440,ship
8441,dog
8442,ship
8443,frog
8444,deer
8445,dog
8446,car
8447,bird
8448,deer
8449,deer
8450,car
8451,frog
8452,cat
8453,deer
8454,truck
8455,bird
8456,car
8457,horse
8458,deer
8459,dog
8460,truck
8461,ship
8462,horse
8463,bird
8464,car
8465,frog
8466,car
8467,horse
8468,cat
8469,frog
8470,dog
8471,ship
8472,ship
8473,bird
8474,plane
8475,deer
8476,car
8477,deer
8478,dog
8479,dog
8480,deer
8481,bird
8482,bird
8483,car
8484,plane
8485,bird
8486,plane
8487,deer
8488,bird
8489,truck
8490,ship
8491,dog
8492,bird
8493,truck
8494,dog
8495,bird
8496,car
8497,plane
8498,deer
8499,car
8500,truck
8501,deer
8502,ship
8503,car
8504,frog
8505,car
8506,dog
8507,truck
8508,plane
8509,car
8510,frog
8511,horse
8512,bird
8513,truck
8514,truck
8515,deer
8516,ship
8517,ship
8518,car
8519,plane
8520,horse
8521,ship
8522,plane
8523,car
8524,frog
8525,frog
8526,frog
8527,dog
8528,car
8529,cat
8530,car
8531,ship
8532,ship
8533,bird
8534,frog
8535,frog
8536,dog
8537,car
8538,plane
8539,bird
8540,frog
8541,deer
8542,car
8543,frog
8544,plane
8545,frog
8546,frog
8547,plane
8548,frog
8549,frog
8550,car
8551,car
8552,ship
8553,frog
8554,horse
8555,plane
8556,dog
8557,deer
8558,cat
8559,bird
8560,car
8561,horse
8562,ship
8563,bird
8564,horse
8565,car
8566,horse
8567,deer
8568,ship
8569,horse
8570,frog
8571,frog
8572,horse
8573,plane
8574,plane
8575,deer
8576,truck
8577,plane
8578,frog
8579,dog
8580,car
8581,dog
8582,ship
8583,deer
8584,ship
8585,car
8586,truck
8587,frog
8588,horse
8589,frog
8590,dog
8591,plane
8592,frog
8593,plane
8594,car
8595,cat
8596,car
8597,car
8598,dog
8599,dog
8600,deer
8601,cat
8602,cat
8603,ship
8604,car
8605,frog
8606,frog
8607,car
8608,ship
8609,ship
8610,frog
8611,bird
8612,horse
8613,deer
8614,frog
8615,ship
8616,truck
8617,dog
8618,dog
8619,dog
8620,horse
8621,bird
8622,car
8623,deer
8624,car
8625,horse
8626,dog
8627,dog
8628,horse
8629,horse
8630,horse
8631,dog
8632,bird
8633,cat
8634,bird
8635,dog
8636,frog
8637,bird
8638,deer
8639,plane
8640,horse
8641,car
8642,horse
8643,frog
8644,plane
8645,plane
8646,car
8647,bird
8648,deer
8649,car
8650,bird
8651,bird
8652,deer
8653,truck
8654,ship
8655,bird
8656,ship
8657,horse
8658,frog
8659,cat
8660,deer
8661,horse
8662,bird
8663,dog
8664,car
8665,dog
8666,cat
8667,plane
8668,deer
8669,cat
8670,deer
8671,truck
8672,cat
8673,deer
8674,truck
8675,car
8676,horse
8677,ship
8678,dog
8679,car
8680,ship
8681,frog
8682,bird
8683,dog
8684,horse
8685,bird
8686,horse
8687,truck
8688,frog
8689,ship
8690,frog
8691,ship
8692,frog
8693,dog
8694,truck
8695,plane
8696,deer
8697,ship
8698,dog
8699,deer
8700,frog
8701,dog
8702,ship
8703,plane
8704,deer
8705,ship
8706,frog
8707,horse
8708,bird
8709,deer
8710,car
8711,horse
8712,deer
8713,car
8714,frog
8715,deer
8716,bird
8717,bird
8718,ship
8719,horse
8720,bird
8721,plane
8722,dog
8723,horse
8724,horse
8725,frog
8726,ship
8727,truck
8728,truck
8729,dog
8730,dog
8731,bird
8732,car
8733,ship
8734,horse
8735,bird
8736,bird
8737,cat
8738,horse
8739,deer
8740,cat
8741,bird
8742,car
8743,truck
8744,ship
8745,car
8746,dog
8747,dog
8748,bird
8749,frog
8750,plane
8751,truck
8752,frog
8753,dog
8754,horse
8755,cat
8756,frog
8757,bird
8758,deer
8759,horse
8760,horse
8761,ship
8762,plane
8763,ship
8764,truck
8765,car
8766,bird
8767,dog
8768,horse
8769,bird
8770,plane
8771,bird
8772,frog
8773,car
8774,bird
8775,cat
8776,frog
8777,dog
8778,plane
8779,plane
8780,horse
8781,deer
8782,bird
8783,dog
8784,bird
8785,deer
8786,ship
8787,cat
8788,deer
8789,dog
8790,dog
8791,plane
8792,frog
8793,frog
8794,horse
8795,dog
8796,plane
8797,truck
8798,truck
8799,frog
8800,car
8801,plane
8802,deer
8803,frog
8804,horse
8805,dog
8806,truck
8807,bird
8808,frog
8809,frog
8810,bird
8811,bird
8812,frog
8813,plane
8814,car
8815,truck
8816,dog
8817,horse
8818,deer
8819,dog
8820,plane
8821,bird
8822,horse
8823,frog
8824,deer
8825,deer
8826,car
8827,ship
8828,bird
8829,car
8830,plane
8831,truck
8832,frog
8833,frog
8834,deer
8835,ship
8836,horse
8837,deer
8838,car
8839,ship
8840,car
8841,dog
8842,bird
8843,deer
8844,ship
8845,dog
8846,bird
8847,frog
8848,deer
8849,dog
8850,truck
8851,car
8852,plane
8853,horse
8854,bird
8855,dog
8856,deer
8857,plane
8858,plane
8859,frog
8860,bird
8861,bird
8862,deer
8863,plane
8864,dog
8865,truck
8866,horse
8867,car
8868,ship
8869,horse
8870,dog
8871,dog
8872,truck
8873,bird
8874,dog
8875,bird
8876,ship
8877,truck
8878,car
8879,ship
8880,truck
8881,car
8882,frog
8883,cat
8884,ship
8885,plane
8886,cat
8887,dog
8888,deer
8889,ship
8890,deer
8891,ship
8892,truck
8893,plane
8894,frog
8895,plane
8896,plane
8897,ship
8898,bird
8899,plane
8900,deer
8901,bird
8902,horse
8903,frog
8904,plane
8905,dog
8906,ship
8907,deer
8908,car
8909,truck
8910,plane
8911,car
8912,deer
8913,horse
8914,ship
8915,deer
8916,truck
8917,frog
8918,plane
8919,horse
8920,horse
8921,frog
8922,ship
8923,truck
8924,bird
8925,bird
8926,plane
8927,deer
8928,truck
8929,bird
8930,truck
8931,bird
8932,truck
8933,bird
8934,frog
8935,horse
8936,plane
8937,truck
8938,horse
8939,car
8940,bird
8941,cat
8942,plane
8943,frog
8944,deer
8945,horse
8946,car
8947,truck
8948,bird
8949,frog
8950,horse
8951,truck
8952,ship
8953,frog
8954,truck
8955,bird
8956,bird
8957,plane
8958,horse
8959,bird
8960,car
8961,plane
8962,plane
8963,dog
8964,frog
8965,plane
8966,deer
8967,cat
8968,bird
8969,ship
8970,ship
8971,plane
8972,frog
8973,frog
8974,dog
8975,bird
8976,ship
8977,horse
8978,plane
8979,frog
8980,dog
8981,truck
8982,deer
8983,bird
8984,dog
8985,frog
8986,plane
8987,frog
8988,bird
8989,bird
8990,deer
8991,car
8992,plane
8993,dog
8994,truck
8995,ship
8996,truck
8997,horse
8998,bird
8999,truck
9000,cat
9001,ship
9002,car
9003,bird
9004,deer
9005,horse
9006,dog
9007,frog
9008,bird
9009,plane
9010,frog
9011,dog
9012,bird
9013,ship
9014,horse
9015,horse
9016,ship
9017,car
9018,plane
9019,plane
9020,truck
9021,horse
9022,plane
9023,dog
9024,ship
9025,plane
9026,dog
9027,truck
9028,dog
9029,ship
9030,deer
9031,bird
9032,plane
9033,truck
9034,horse
9035,bird
9036,horse
9037,deer
9038,truck
9039,bird
9040,bird
9041,bird
9042,dog
9043,car
9044,cat
9045,bird
9046,plane
9047,plane
9048,deer
9049,truck
9050,frog
9051,dog
9052,ship
9053,plane
9054,dog
9055,ship
9056,frog
9057,deer
9058,ship
9059,horse
9060,cat
9061,truck
9062,horse
9063,truck
9064,horse
9065,car
9066,bird
9067,car
9068,truck
9069,frog
9070,truck
9071,bird
9072,horse
9073,truck
9074,frog
9075,deer
9076,plane
9077,frog
9078,bird
9079,deer
9080,car
9081,dog
9082,horse
9083,bird
9084,ship
9085,dog
9086,truck
9087,plane
9088,cat
9089,frog
9090,cat
9091,bird
9092,horse
9093,frog
9094,deer
9095,bird
9096,dog
9097,truck
9098,plane
9099,dog
9100,car
9101,car
9102,ship
9103,horse
9104,horse
9105,deer
9106,plane
9107,frog
9108,bird
9109,bird
9110,cat
9111,car
9112,plane
9113,deer
9114,car
9115,ship
9116,ship
9117,deer
9118,truck
9119,deer
9120,deer
9121,plane
9122,dog
9123,car
9124,bird
9125,plane
9126,car
9127,horse
9128,ship
9129,deer
9130,deer
9131,ship
9132,dog
9133,dog
9134,cat
9135,dog
9136,horse
9137,frog
9138,bird
9139,dog
9140,deer
9141,horse
9142,dog
9143,dog
9144,cat
9145,plane
9146,truck
9147,dog
9148,cat
9149,dog
9150,horse
9151,frog
9152,plane
9153,deer
9154,bird
9155,bird
9156,dog
9157,frog
9158,cat
9159,ship
9160,truck
9161,cat
9162,frog
9163,car
9164,deer
9165,dog
9166,deer
9167,frog
9168,horse
9169,bird
9170,car
9171,truck
9172,bird
9173,plane
9174,deer
9175,truck
9176,ship
9177,ship
9178,truck
9179,car
9180,car
9181,dog
9182,plane
9183,plane
9184,ship
9185,horse
9186,car
9187,horse
9188,deer
9189,dog
9190,deer
9191,horse
9192,dog
9193,bird
9194,plane
9195,frog
9196,frog
9197,plane
9198,car
9199,cat
9200,truck
9201,ship
9202,cat
9203,horse
9204,ship
9205,ship
9206,deer
9207,ship
9208,car
9209,plane
9210,car
9211,horse
9212,car
9213,frog
9214,bird
9215,horse
9216,cat
9217,dog
9218,plane
9219,dog
9220,truck
9221,ship
9222,horse
9223,horse
9224,truck
9225,frog
9226,bird
9227,cat
9228,car
9229,cat
9230,cat
9231,deer
9232,bird
9233,car
9234,ship
9235,bird
9236,plane
9237,truck
9238,plane
9239,truck
9240,ship
9241,ship
9242,frog
9243,horse
9244,dog
9245,horse
9246,car
9247,frog
9248,truck
9249,plane
9250,truck
9251,dog
9252,frog
9253,horse
9254,deer
9255,dog
9256,cat
9257,plane
9258,dog
9259,truck
9260,horse
9261,dog
9262,dog
9263,cat
9264,frog
9265,dog
9266,car
9267,plane
9268,bird
9269,horse
9270,frog
9271,truck
9272,plane
9273,plane
9274,bird
9275,plane
9276,ship
9277,horse
9278,frog
9279,horse
9280,ship
9281,truck
9282,bird
9283,horse
9284,truck
9285,horse
9286,ship
9287,horse
9288,truck
9289,ship
9290,dog
9291,deer
9292,plane
9293,horse
9294,horse
9295,bird
9296,cat
9297,ship
9298,bird
9299,car
9300,truck
9301,bird
9302,horse
9303,bird
9304,truck
9305,bird
9306,horse
9307,ship
9308,horse
9309,cat
9310,dog
9311,deer
9312,dog
9313,truck
9314,horse
9315,frog
9316,horse
9317,deer
9318,frog
9319,deer
9320,dog
9321,truck
9322,deer
9323,bird
9324,car
9325,truck
9326,frog
9327,plane
9328,bird
9329,frog
9330,horse
9331,deer
9332,horse
9333,truck
9334,plane
9335,horse
9336,deer
9337,dog
9338,dog
9339,frog
9340,car
9341,car
9342,frog
9343,frog
9344,ship
9345,bird
9346,car
9347,dog
9348,ship
9349,dog
9350,truck
9351,frog
9352,car
9353,ship
9354,dog
9355,plane
9356,frog
9357,plane
9358,truck
9359,bird
9360,frog
9361,plane
9362,car
9363,truck
9364,dog
9365,dog
9366,frog
9367,bird
9368,car
9369,car
9370,deer
9371,ship
9372,ship
9373,horse
9374,car
9375,horse
9376,dog
9377,dog
9378,horse
9379,truck
9380,horse
9381,dog
9382,bird
9383,truck
9384,truck
9385,deer
9386,bird
9387,bird
9388,car
9389,cat
9390,ship
9391,horse
9392,truck
9393,plane
9394,deer
9395,dog
9396,horse
9397,dog
9398,bird
9399,frog
9400,horse
9401,frog
9402,truck
9403,frog
9404,truck
9405,dog
9406,ship
9407,dog
9408,frog
9409,frog
9410,truck
9411,dog
9412,horse
9413,ship
9414,plane
9415,dog
9416,deer
9417,horse
9418,deer
9419,ship
9420,bird
9421,dog
9422,car
9423,dog
9424,bird
9425,bird
9426,frog
9427,deer
9428,car
9429,horse
9430,deer
9431,frog
9432,dog
9433,car
9434,cat
9435,horse
9436,horse
9437,frog
9438,bird
9439,horse
9440,plane
9441,ship
9442,bird
9443,deer
9444,bird
9445,horse
9446,bird
9447,dog
9448,horse
9449,dog
9450,plane
9451,frog
9452,ship
9453,bird
9454,cat
9455,frog
9456,car
9457,frog
9458,truck
9459,horse
9460,plane
9461,cat
9462,deer
9463,plane
9464,truck
9465,deer
9466,deer
9467,ship
9468,horse
9469,horse
9470,plane
9471,truck
9472,dog
9473,ship
9474,plane
9475,ship
9476,bird
9477,ship
9478,dog
9479,horse
9480,horse
9481,bird
9482,bird
9483,plane
9484,plane
9485,plane
9486,horse
9487,deer
9488,car
9489,frog
9490,frog
9491,ship
9492,ship
9493,truck
9494,plane
9495,truck
9496,plane
9497,car
9498,deer
9499,frog
9500,plane
9501,truck
9502,bird
9503,frog
9504,deer
9505,frog
9506,dog
9507,bird
9508,ship
9509,ship
9510,deer
9511,car
9512,deer
9513,plane
9514,dog
9515,dog
9516,truck
9517,truck
9518,truck
9519,car
9520,truck
9521,car
9522,bird
9523,deer
9524,dog
9525,deer
9526,bird
9527,truck
9528,frog
9529,plane
9530,plane
9531,frog
9532,frog
9533,ship
9534,plane
9535,frog
9536,car
9537,deer
9538,frog
9539,ship
9540,plane
9541,dog
9542,horse
9543,car
9544,bird
9545,plane
9546,truck
9547,frog
9548,deer
9549,bird
9550,deer
9551,frog
9552,cat
9553,truck
9554,horse
9555,horse
9556,deer
9557,frog
9558,bird
9559,plane
9560,car
9561,dog
9562,plane
9563,cat
9564,dog
9565,truck
9566,plane
9567,truck
9568,horse
9569,ship
9570,horse
9571,horse
9572,frog
9573,ship
9574,dog
9575,deer
9576,dog
9577,dog
9578,plane
9579,cat
9580,bird
9581,car
9582,horse
9583,dog
9584,truck
9585,cat
9586,deer
9587,dog
9588,truck
9589,car
9590,dog
9591,plane
9592,car
9593,car
9594,truck
9595,cat
9596,horse
9597,dog
9598,deer
9599,truck
9600,horse
9601,ship
9602,dog
9603,plane
9604,bird
9605,bird
9606,dog
9607,frog
9608,deer
9609,plane
9610,frog
9611,deer
9612,ship
9613,deer
9614,deer
9615,frog
9616,frog
9617,deer
9618,ship
9619,car
9620,ship
9621,horse
9622,frog
9623,cat
9624,truck
9625,bird
9626,plane
9627,car
9628,deer
9629,truck
9630,car
9631,frog
9632,horse
9633,bird
9634,plane
9635,car
9636,deer
9637,frog
9638,dog
9639,bird
9640,bird
9641,dog
9642,cat
9643,plane
9644,plane
9645,plane
9646,car
9647,horse
9648,cat
9649,bird
9650,dog
9651,ship
9652,horse
9653,bird
9654,frog
9655,dog
9656,ship
9657,plane
9658,dog
9659,truck
9660,deer
9661,frog
9662,dog
9663,car
9664,car
9665,plane
9666,dog
9667,dog
9668,truck
9669,deer
9670,ship
9671,car
9672,horse
9673,horse
9674,truck
9675,truck
9676,horse
9677,cat
9678,frog
9679,dog
9680,bird
9681,ship
9682,bird
9683,horse
9684,frog
9685,horse
9686,plane
9687,bird
9688,car
9689,bird
9690,truck
9691,bird
9692,frog
9693,car
9694,cat
9695,frog
9696,plane
9697,car
9698,ship
9699,horse
9700,truck
9701,plane
9702,deer
9703,horse
9704,deer
9705,dog
9706,frog
9707,truck
9708,dog
9709,truck
9710,horse
9711,dog
9712,deer
9713,dog
9714,ship
9715,car
9716,deer
9717,horse
9718,truck
9719,car
9720,ship
9721,ship
9722,frog
9723,cat
9724,horse
9725,plane
9726,dog
9727,truck
9728,bird
9729,bird
9730,deer
9731,frog
9732,bird
9733,truck
9734,horse
9735,deer
9736,bird
9737,ship
9738,dog
9739,frog
9740,car
9741,bird
9742,dog
9743,truck
9744,car
9745,truck
9746,cat
9747,cat
9748,plane
9749,cat
9750,plane
9751,bird
9752,plane
9753,horse
9754,bird
9755,truck
9756,dog
9757,horse
9758,horse
9759,frog
9760,dog
9761,dog
9762,dog
9763,frog
9764,car
9765,frog
9766,deer
9767,plane
9768,deer
9769,horse
9770,ship
9771,deer
9772,deer
9773,bird
9774,truck
9775,dog
9776,truck
9777,bird
9778,cat
9779,dog
9780,bird
9781,deer
9782,dog
9783,bird
9784,bird
9785,ship
9786,ship
9787,ship
9788,plane
9789,car
9790,frog
9791,bird
9792,bird
9793,frog
9794,bird
9795,bird
9796,deer
9797,truck
9798,car
9799,dog
9800,horse
9801,car
9802,dog
9803,plane
9804,car
9805,dog
9806,plane
9807,ship
9808,car
9809,car
9810,dog
9811,dog
9812,car
9813,ship
9814,car
9815,ship
9816,dog
9817,car
9818,car
9819,plane
9820,dog
9821,car
9822,deer
9823,plane
9824,horse
9825,car
9826,deer
9827,plane
9828,deer
9829,truck
9830,dog
9831,car
9832,bird
9833,deer
9834,horse
9835,plane
9836,horse
9837,bird
9838,deer
9839,horse
9840,bird
9841,horse
9842,plane
9843,deer
9844,car
9845,bird
9846,truck
9847,ship
9848,plane
9849,bird
9850,bird
9851,deer
9852,frog
9853,plane
9854,frog
9855,car
9856,horse
9857,dog
9858,ship
9859,deer
9860,horse
9861,plane
9862,frog
9863,cat
9864,frog
9865,plane
9866,car
9867,plane
9868,ship
9869,truck
9870,horse
9871,bird
9872,truck
9873,plane
9874,bird
9875,dog
9876,truck
9877,plane
9878,bird
9879,dog
9880,horse
9881,horse
9882,dog
9883,car
9884,horse
9885,truck
9886,ship
9887,deer
9888,bird
9889,plane
9890,ship
9891,plane
9892,cat
9893,bird
9894,bird
9895,ship
9896,deer
9897,deer
9898,ship
9899,truck
9900,horse
9901,ship
9902,frog
9903,frog
9904,deer
9905,plane
9906,car
9907,car
9908,car
9909,ship
9910,car
9911,horse
9912,deer
9913,plane
9914,horse
9915,ship
9916,bird
9917,car
9918,bird
9919,horse
9920,bird
9921,frog
9922,plane
9923,dog
9924,truck
9925,cat
9926,deer
9927,frog
9928,truck
9929,bird
9930,ship
9931,cat
9932,plane
9933,ship
9934,cat
9935,deer
9936,car
9937,ship
9938,deer
9939,truck
9940,dog
9941,dog
9942,car
9943,horse
9944,horse
9945,horse
9946,horse
9947,plane
9948,cat
9949,ship
9950,frog
9951,dog
9952,plane
9953,dog
9954,horse
9955,plane
9956,ship
9957,plane
9958,plane
9959,truck
9960,bird
9961,plane
9962,cat
9963,deer
9964,ship
9965,bird
9966,bird
9967,frog
9968,cat
9969,bird
9970,frog
9971,bird
9972,truck
9973,horse
9974,plane
9975,car
9976,horse
9977,dog
9978,dog
9979,horse
9980,dog
9981,plane
9982,horse
9983,frog
9984,car
9985,horse
9986,dog
9987,ship
9988,plane
9989,ship
9990,deer
9991,horse
9992,plane
9993,cat
9994,dog
9995,cat
9996,ship
9997,dog
9998,dog
9999,plane
10000,horse
